No_mbtree,No_asm,No_cabac,No_scenecut,Aq_strength,Bframes,Qcomp,Qp,Ref,Rc_lookahead,B_bias,Threads,Keyint,Crf,Scenecut,Seek,Ipratio,PSNR-,Energy-
0,0,0,1,1,3,0.6,23,9,40,100,4,250,23,40,0,1.4,47.123,3684.428378
0,1,1,0,1,3,0.6,23,0,40,0,4,250,23,1,0,1.4,46.917,5754.130747
0,0,0,1,0.7,9,0.4,34,6,167,-33,43,667,36.6,67,418,0.7,37.24,1382.978571
0,1,0,0,1.4,9,0.4,17,3,84,-33,86,667,36.6,67,836,0.7,39.005,1335.565432
0,1,0,1,1,3,0.6,23,3,40,0,4,250,23,1,0,2,47.058,8015.768116
0,0,1,0,1.4,17,0.8,34,3,167,-33,43,667,36.6,34,836,1.4,41.157,503.3636364
0,1,0,0,0.7,17,0.8,34,6,84,34,43,334,23.3,34,418,1.4,47.254,6068.287179
1,0,0,0,0.7,9,0.4,34,3,167,34,43,667,23.3,67,418,0.7,47.279,1389.491358
0,0,0,0,1.4,9,0.8,34,6,167,34,86,334,36.6,67,836,0.7,40.671,500.7777778
0,0,1,0,1,3,0.6,23,3,40,0,4,250,23,1,0,0,38.578,2269.3903
0,0,0,1,0.7,17,0.8,17,6,167,-33,43,334,36.6,67,836,0.7,40.517,549.0833333
0,0,0,0,1.4,17,0.4,17,3,167,34,86,667,36.6,34,836,0.7,39.714,466.7241414
0,0,1,0,0.7,9,0.8,17,6,167,-33,43,667,36.6,67,418,0.7,38.53,1451.71954
0,0,0,0,1.4,17,0.8,34,6,167,34,43,667,23.3,67,418,1.4,47.264,1912.897021
0,0,0,0,0.7,9,0.4,17,6,84,-33,86,667,23.3,67,836,0.7,49.809,672.4404762
0,0,0,0,1.3,4,0.5,30,3,51,28,6,320,26.7,51,0,1.1,44.499,1768.485714
0,0,1,0,1.4,17,0.8,34,6,167,-33,86,667,36.6,67,836,1.4,41.765,606.9846154
0,0,0,1,1.4,9,0.4,17,3,84,-33,86,334,23.3,67,418,1.4,46.077,1457.416092
0,0,0,1,1.4,9,0.4,17,3,167,34,43,667,36.6,67,836,0.7,39.407,434.1
0,0,0,1,1.4,17,0.4,17,3,167,34,86,334,23.3,34,418,1.4,45.91,1392.846429
0,0,0,1,0.7,9,0.8,34,3,84,34,86,667,23.3,34,836,1.4,51.673,508.6666667
0,1,0,0,1.4,17,0.8,17,6,167,-33,86,667,23.3,67,418,0.7,47.122,6471.312
1,0,0,0,0.7,9,0.8,17,6,167,-33,86,334,36.6,34,418,1.4,40.046,1375.91358
0,0,0,0,1.4,17,0.8,34,6,167,34,86,667,23.3,34,836,0.7,50.989,678.4685714
1,1,1,0,0.3,14,0.2,35,7,43,36,12,859,27,100,0,0,34.751,3134.440556
0,1,0,1,1,3,0.6,51,0,40,0,4,250,23,40,0,1.4,47.079,5746.987826
0,0,0,1,0.7,9,0.4,17,3,167,34,43,667,36.6,67,418,1.4,37.832,1058.368182
0,0,0,0,1.4,9,0.4,17,6,167,-33,86,667,23.3,67,418,1.4,46.064,1872.312312
0,1,0,0,1.4,17,0.8,17,6,167,-33,86,667,23.3,67,418,1.4,47.306,6438.520968
0,1,0,0,0.7,9,0.4,17,6,167,-33,86,334,36.6,67,418,0.7,37.181,4187.864634
0,0,0,1,1.4,9,0.8,17,3,167,34,43,667,23.3,67,836,0.7,51.117,555.0722222
0,0,0,0,1.4,17,0.4,17,6,167,-33,43,667,36.6,34,836,1.4,38.954,571.0644587
0,0,0,1,1.4,17,0.4,17,3,167,34,43,334,36.6,67,836,0.7,39.568,480.6666667
0,0,0,1,0.7,17,0.4,17,3,84,34,43,334,36.6,34,836,0.7,39.657,402.162963
0,0,0,1,0.7,9,0.8,17,3,84,-33,86,667,23.3,34,836,0.7,51.184,622.0307692
0,0,0,1,1.3,3,0.8,17,4,51,28,6,320,26.7,51,0,1.1,45.439,2040.5775
1,0,0,0,0.7,17,0.4,34,6,84,-33,43,334,23.3,67,418,1.4,48.12,2116.943089
1,1,1,0,0.3,8,0.3,10,0,23,-36,15,431,25.2,61,0,1.1,47.559,1955.029386
1,0,0,0,0.7,9,0.4,34,3,84,-33,43,334,23.3,67,836,1.4,55.309,684.1404762
0,0,0,1,1.4,9,0.8,34,6,84,-33,86,334,23.3,67,836,1.4,51.84,723.4577778
0,1,0,0,1,3,0.6,23,3,1,0,4,250,23,100,0,1.4,45.84,7615.489333
1,0,0,0,0.7,9,0.4,17,3,84,34,43,667,36.6,67,418,1.4,40.005,959.5263158
0,0,0,1,1.4,17,0.8,34,6,84,34,43,334,23.3,34,418,0.7,47.084,1830.133333
1,0,0,0,2,3,0.6,51,3,40,0,4,250,23,40,0,1.4,48.367,2466.612245
1,1,1,0,0.6,25,0.4,11,8,28,70,75,818,28.3,25,0,1.8,44.824,3156.844681
0,0,0,1,0.7,9,0.4,34,3,167,-33,43,667,36.6,34,836,1.4,39.005,450.36
0,0,0,1,0.7,9,0.4,17,3,84,34,86,667,36.6,67,836,0.7,39.576,403.3481481
0,0,0,0,0.7,17,0.8,17,6,167,34,43,667,36.6,34,836,1.4,41.396,502.3030303
0,0,1,0,1.4,9,0.4,17,3,167,-33,86,334,36.6,67,836,1.4,39.838,498.9090909
0,0,0,1,1.4,9,0.8,17,6,167,34,86,334,23.3,67,418,0.7,47.122,1931.789474
0,0,0,1,0.7,9,0.4,34,3,167,-33,43,334,36.6,67,836,0.7,38.799,496.969697
0,0,0,0,0.7,17,0.4,17,6,84,-33,43,667,23.3,67,418,1.4,46.057,1761.394286
0,1,0,0,0.7,17,0.4,17,6,84,34,86,667,36.6,34,418,0.7,37.401,3676.518056
0,0,0,1,0.7,9,0.4,17,6,84,34,43,667,23.3,34,418,0.7,45.949,1670.626263
0,1,0,0,1.4,17,0.4,17,6,167,-33,43,667,23.3,34,418,1.4,46.048,5903.159649
1,0,0,0,0.6,5,1,32,2,127,-1,0,665,30.1,17,0,0,29.405,533.3593687
0,0,1,0,0.7,17,0.4,17,6,84,34,86,334,23.3,34,418,0.7,45.739,1625.433333
0,1,0,0,0.7,17,0.4,34,3,84,34,86,334,36.6,67,836,1.4,40.506,1114.953623
0,0,1,0,1.4,9,0.8,34,6,84,34,43,667,36.6,67,836,0.7,40.738,458.28
1,0,0,0,1,3,0.6,23,3,1,0,4,250,23,100,0,1.4,48.496,2525.394667
0,0,1,0,0.7,17,0.8,17,6,84,34,86,334,23.3,34,418,1.4,47.178,1837.078704
0,1,0,0,1.4,9,0.8,34,6,84,-33,86,334,23.3,67,418,0.7,47.064,6359.905464
0,1,1,1,2,13,1,39,2,187,-50,96,251,10,100,0,0,50.789,5590.295118
0,0,0,1,1,3,0.6,23,3,1,0,4,250,10,40,0,1.4,53.387,3304.697436
0,0,0,0,0.7,12,0,11,6,77,-48,29,679,37.4,62,0,0.1,27.294,595.2317949
0,0,0,1,1,1,0.8,33,7,245,-56,117,998,36.9,85,319,1.7,38.924,1876.516667
0,0,1,0,1.7,3,0.1,28,0,188,-12,46,699,30.6,94,1128,0.2,45.417,96.93333333
0,0,1,0,1.4,9,0.4,17,6,84,34,86,667,36.6,67,418,0.7,37.522,1143.553623
0,0,1,0,1.4,17,0.4,34,3,84,34,43,667,23.3,67,836,0.7,49.306,462.27
0,0,1,0,1.4,9,0.4,17,6,167,34,43,667,36.6,34,418,1.4,37.685,1178.143056
1,0,0,1,0.5,16,0.3,7,8,164,-9,28,145,43.3,6,0,0.8,36.954,589.8210114
0,1,0,0,0.7,17,0.8,17,6,84,-33,43,667,23.3,67,418,0.7,47.123,6312.561983
0,1,0,0,0.7,9,0.4,34,6,167,-33,86,334,23.3,67,418,0.7,45.917,5847.457227
1,0,0,0,1.4,17,0.4,17,6,167,34,86,667,23.3,34,418,1.4,47.34,1854.449074
0,0,0,0,0.7,9,0.8,34,6,84,34,43,667,23.3,34,836,1.4,51.672,612.6358974
0,0,0,0,1.4,17,0.4,17,6,84,34,43,667,23.3,34,836,1.4,49.774,564.9824074
0,0,0,0,0.7,9,0.4,17,3,84,-33,43,667,36.6,67,836,1.4,39.578,446.5435802
0,0,1,0,0.7,17,0.4,34,6,84,-33,86,334,36.6,67,418,0.7,37.089,1255.36
0,0,1,0,0.7,17,0.8,34,3,84,-33,43,334,23.3,34,836,0.7,51.067,569.6472222
1,0,0,0,0.7,9,0.4,34,3,167,34,43,667,36.6,34,836,1.4,46.637,364.0875
0,0,0,0,13,14,1,32,9,203,69,17,732,4.75E+14,41,840,18,46.48,517.0606061
0,1,0,0,1.4,9,0.8,34,3,84,-33,86,667,23.3,34,418,0.7,47.117,5218.184818
0,0,0,1,0.7,9,0.8,17,6,167,34,43,667,23.3,34,836,1.4,51.674,658.1404762
1,0,0,0,1.4,9,0.4,17,3,167,-33,43,667,23.3,67,418,0.7,48.056,1598.483871
1,0,0,0,1.4,17,0.8,17,6,167,34,86,667,36.6,34,418,0.7,39.24,1199.616
1,0,0,0,0.7,17,0.4,34,3,84,-33,43,334,23.3,34,418,0.7,48.05,1601.870968
0,1,1,1,1.5,9,0.1,18,3,99,-100,112,1000,10.2,46,0,1.6,52.108,3339.591875
0,1,0,0,1,3,0.6,23,3,40,0,4,250,23,1,0,2,47.058,8036.106107
0,0,0,1,0.7,17,0.4,34,3,167,-33,43,667,36.6,67,836,1.4,39.388,500.9393939
0,0,0,1,0.7,17,0.8,34,3,167,34,86,667,36.6,67,836,0.7,40.588,434.79
0,0,0,0,0.7,17,0.4,17,6,84,34,43,334,36.6,34,418,1.4,37.716,1194.487963
0,0,0,0,1.4,17,0.4,17,6,167,34,43,667,36.6,34,836,0.7,39.724,499.7373737
0,1,0,0,1.4,9,0.4,34,3,84,-33,86,334,23.3,67,418,0.7,45.917,4721.043956
0,0,1,0,1.4,17,0.4,34,6,167,-33,86,334,36.6,67,836,0.7,39.29,554.1861111
1,0,0,0,1.4,17,0.8,17,3,84,-33,43,334,23.3,67,836,0.7,53.174,578.1111111
0,1,0,0,0.7,9,0.4,17,6,167,-33,43,667,23.3,34,418,1.4,46.057,5885.747076
1,0,0,0,0.7,9,0.4,17,6,84,34,43,334,36.6,67,836,0.7,45.753,472.08
0,0,0,1,0.7,17,0.8,34,3,167,-33,43,334,36.6,67,836,0.7,40.713,499.4545455
1,1,0,1,1,7,0.4,51,6,250,50,128,751,10,51,0,0,50.172,7098.669827
0,0,0,0,1.4,17,0.4,17,6,167,-33,43,334,36.6,67,836,0.7,38.771,553.6972222
0,0,1,0,0.7,17,0.8,17,3,167,-33,86,667,23.3,34,418,0.7,47.069,1617.360417
0,0,0,0,0.7,17,0.4,34,6,167,-33,43,334,36.6,67,418,1.4,37.411,1378.494753
0,0,1,0,1.4,9,0.8,34,3,167,-33,43,334,23.3,67,836,1.4,51.626,607.9076923
1,0,0,1,0.3,18,0.5,19,8,123,74,84,706,32.3,32,0,1.3,42.71,856.0199346
0,0,0,1,0.7,17,0.4,34,6,167,34,43,667,36.6,34,418,1.4,37.685,1283.942308
0,1,0,0,1,25,0.6,51,3,40,0,4,250,23,40,0,1.4,47.096,7575.060667
0,0,1,0,0.7,9,0.4,17,6,84,-33,43,667,23.3,34,418,0.7,45.891,1778.329524
0,0,0,0,0.7,17,0.4,34,3,84,-33,43,334,23.3,67,836,1.4,50.116,530.8246633
0,0,0,1,0.7,17,0.4,34,6,167,34,43,334,23.3,67,418,0.7,45.805,1657.987879
0,0,1,0,1.4,17,0.4,17,3,84,34,43,334,36.6,34,418,1.4,37.682,980.8433333
0,1,0,0,0.7,9,0.4,17,3,167,34,86,667,23.3,67,418,1.4,46.059,4437.962452
0,0,0,0,0.7,9,0.8,17,3,167,-33,86,667,36.6,34,836,0.7,40.565,503.8585859
1,0,0,1,1,7,0.4,0,9,125,-50,32,251,40,100,0,0.5,39.218,773.8284722
0,0,0,0,0.7,17,0.4,17,3,167,-33,43,667,36.6,34,418,1.4,37.339,1198.597926
0,0,0,1,0.7,17,0.8,34,3,167,-33,86,667,36.6,67,836,0.7,40.711,551.2833333
0,1,0,0,1.4,9,0.4,17,6,84,-33,43,334,36.6,34,418,0.7,37.209,4033.015833
0,0,0,0,0.1,14,0.5,39,9,224,9,87,7,37.7,54,85,0.3,34.338,1110.284848
0,0,0,0,1.4,17,0.4,34,6,84,34,43,334,36.6,67,836,0.7,39.413,438.3651852
0,1,0,0,1.4,17,0.8,34,6,84,34,86,334,36.6,34,836,0.7,40.328,1341.760494
0,1,1,1,1.2,9,0.6,8,4,250,100,0,167,50,33,0,0,26.239,1729.378917
0,1,0,0,1.4,9,0.4,34,3,167,34,86,334,23.3,34,836,1.4,50.16,1499.83871
0,1,0,0,1.4,17,0.4,17,6,84,34,43,334,36.6,34,418,1.4,37.753,3622.58216
0,0,1,0,0.7,17,0.8,17,6,167,34,86,667,23.3,67,836,0.7,50.843,659.7190476
0,0,1,0,0.7,9,0.8,17,6,84,-33,86,334,36.6,67,418,1.4,38.974,1357.071605
0,0,1,0,1.4,17,0.8,34,6,84,-33,86,667,36.6,67,418,1.4,39.018,1403.260714
1,0,0,0,0.7,9,0.4,17,3,167,34,86,667,23.3,67,418,1.4,47.372,1437.075
0,0,1,0,0.7,17,0.8,17,3,167,-33,43,334,23.3,34,418,1.4,47.222,1621.88125
0,1,0,0,1.4,9,0.8,17,3,167,-33,86,334,23.3,34,836,1.4,51.772,1920.201709
0,0,0,0,0,13,1,24,4,43,-1,84,333,10,81,0,1.5,55.465,1192.737468
0,0,0,0,1.4,9,0.4,17,3,167,-33,86,334,23.3,67,418,0.7,45.91,1511.694815
0,0,0,1,1.4,17,0.4,34,3,84,34,43,667,23.3,67,418,0.7,45.814,1309.358974
0,0,0,1,1.4,9,0.8,34,3,167,34,86,667,23.3,67,418,1.4,47.296,1512.93
1,0,0,0,1.4,9,0.8,17,6,167,-33,86,334,36.6,34,836,1.4,44.319,518.8484848
0,0,1,0,0.5,13,0,26,9,187,50,0,251,10,1,0,1,51.105,1557.863111
0,0,0,1,1.4,9,0.8,17,3,167,34,43,667,36.6,34,836,1.4,41.316,448.83
0,0,0,1,1.4,9,0.4,17,3,84,34,86,667,23.3,67,836,0.7,49.818,510.1212121
1,0,0,0,0.7,9,0.4,34,3,167,-33,86,667,23.3,67,418,1.4,48.128,1602.322581
0,1,0,0,1.4,9,0.8,34,3,167,34,86,667,36.6,67,836,1.4,41.893,1189.504
0,0,0,0,1.4,9,0.4,17,6,167,34,86,334,23.3,67,836,1.4,50.146,573.3676638
0,1,0,1,9,9,1,24,6,1,65,63,665,167,1,209,6,47.1,7191.595588
0,0,0,1,0.7,9,0.4,17,6,84,-33,86,667,36.6,67,836,0.7,38.876,510.7878788
0,0,0,0,0.7,9,0.8,17,6,167,34,86,334,36.6,67,836,1.4,41.927,505.4747475
0,0,1,0,0.7,9,0.8,17,6,84,-33,43,667,36.6,34,418,0.7,38.617,1354.439506
0,0,0,0,0.7,17,0.8,34,3,84,34,43,667,36.6,34,836,1.4,41.241,392.2962963
0,0,0,1,1.4,9,0.4,17,3,84,-33,43,334,36.6,67,418,0.7,37.149,1040.571429
0,0,0,1,1.4,17,0.4,34,3,167,-33,43,667,23.3,67,836,1.4,50.076,601.1076923
1,1,0,0,1,25,0.6,23,3,40,0,4,250,23,40,0,2,48.422,8560.080473
1,0,0,0,1.4,9,0.4,34,3,84,34,86,334,36.6,67,418,1.4,39.983,955.6736842
0,0,0,0,0.7,17,0.8,34,3,167,-33,86,667,23.3,34,418,1.4,47.277,1657.372885
1,0,0,0,1.4,17,0.8,34,3,167,-33,43,667,36.6,34,418,1.4,40.026,1060.984127
1,0,0,0,1.4,17,0.4,17,6,167,34,43,667,23.3,34,418,0.7,47.237,1855.162037
0,0,1,0,0.7,17,0.8,17,6,167,34,86,334,23.3,67,418,0.7,47.015,1927.7
1,0,0,0,0.7,9,0.8,17,6,84,-33,43,334,23.3,67,418,1.4,48.003,1965.576316
1,0,0,0,0.7,9,0.4,34,3,84,34,86,334,23.3,34,836,0.7,54.233,522.4848485
0,0,0,0,0.5,13,0,39,0,63,-50,64,1000,40,51,0,1.5,32.443,418.347971
1,0,0,0,1.4,17,0.8,17,3,84,-33,86,334,36.6,34,836,1.4,44.351,418.3703704
1,0,0,0,0.7,9,0.4,17,3,167,-33,86,667,23.3,67,418,1.4,48.128,1604.354839
0,0,1,0,0.7,17,0.4,17,6,167,-33,86,334,36.6,34,836,1.4,39.729,555.1333333
0,0,0,1,1,3,0.6,51,3,40,0,4,250,23,40,0,2,47.181,2151.181395
0,1,0,0,1.4,9,0.8,34,3,167,-33,86,334,36.6,67,418,0.7,38.468,3828.496889
0,0,0,0,1.4,9,0.8,17,3,167,34,43,334,23.3,34,418,0.7,47.116,1518.461481
0,0,0,0,1.4,9,0.4,34,6,167,-33,43,667,23.3,67,836,0.7,49.812,693.8313757
0,1,0,0,1.4,17,0.8,34,3,167,34,43,667,36.6,67,836,0.7,40.54,1242.24359
0,0,1,0,1.4,17,0.8,17,3,167,-33,86,334,23.3,34,418,1.4,47.222,1614.357292
1,0,0,0,1.4,9,0.4,34,3,84,34,43,667,36.6,34,836,1.4,46.637,366.0416667
0,0,0,1,0.7,17,0.4,34,3,84,-33,86,667,36.6,67,418,0.7,37.096,1143.872464
0,0,0,1,1.4,9,0.8,34,6,84,34,43,334,23.3,34,418,0.7,47.124,1830.467593
0,1,0,0,1.4,17,0.4,17,3,84,-33,43,334,23.3,34,418,0.7,45.934,4676.773551
0,0,0,0,0.2,11,1,2,9,22,-54,49,402,24.1,10,62,1.4,63.033,6898.765903
0,0,1,0,0.7,9,0.8,34,6,167,34,43,334,23.3,34,836,0.7,50.996,655.6333333
0,0,0,1,1.4,17,0.4,17,6,167,34,43,667,23.3,34,418,1.4,45.93,1699.629412
0,1,1,1,0.5,1,0.6,51,2,63,0,0,251,20,51,0,1.5,48.806,3638.321648
0,0,0,0,1,3,0.6,23,3,40,0,4,1,50,40,0,1.4,30.291,779.359375
0,0,0,1,1.4,9,0.8,34,3,167,-33,43,334,36.6,34,836,0.7,40.566,501.969697
0,0,0,1,0.7,17,0.8,17,6,84,34,43,334,36.6,34,418,0.7,38.613,1297.083333
0,0,1,0,0.7,17,0.4,34,3,167,-33,43,667,36.6,67,836,0.7,39.227,502.0606061
0,0,0,1,1.4,17,0.8,34,6,167,-33,86,334,36.6,34,836,1.4,40.936,603.6
0,0,0,0,1.4,17,0.8,34,6,84,-33,43,667,23.3,34,836,0.7,51.198,738.5971759
0,0,0,0,1.4,9,0.8,17,3,84,34,43,334,23.3,67,418,0.7,47.116,1461.660099
0,0,0,0,0.7,9,0.8,17,6,167,-33,43,667,23.3,34,418,0.7,47.127,2093.273984
1,0,0,0,1.4,17,0.4,34,3,84,-33,43,667,23.3,34,418,1.4,48.11,1638.382292
1,0,0,0,0.7,9,0.4,34,6,84,34,86,667,23.3,34,418,0.7,47.286,1907.643243
0,1,0,0,1.3,4,0.5,30,4,51,-27,6,320,26.7,51,0,1.1,44.43,7018.213235
0,0,0,1,0.8,4,0.8,30,4,30,28,6,320,26.7,51,0,1.1,45.422,2002.535043
1,0,0,0,1.4,9,0.8,17,6,167,-33,43,334,23.3,34,418,0.7,47.881,2006.4
0,0,1,0,1.4,9,0.4,34,3,167,34,43,334,23.3,34,418,0.7,45.842,1344.874074
0,1,0,0,0.7,17,0.4,34,3,84,-33,86,334,36.6,67,418,0.7,37.14,3459.614925
0,1,0,0,0.7,17,0.8,17,3,84,-33,86,334,23.3,67,418,0.7,47.106,5239.207921
0,0,0,1,1.4,17,0.4,34,3,84,34,43,334,36.6,67,836,1.4,40.496,398.2814815
1,1,1,0,1,13,0.6,0,9,63,0,96,1000,40,1,0,2,38.512,3238.554781
0,0,1,0,0.7,9,0.4,34,3,167,34,86,667,36.6,34,836,0.7,39.788,438.39
0,1,0,0,1.4,17,0.8,17,3,84,34,43,667,23.3,34,418,0.7,47.076,4947.322917
1,0,0,0,1.4,17,0.8,34,6,84,34,43,667,36.6,67,418,1.4,39.717,1212.291667
0,0,1,0,0.7,17,0.8,17,6,167,-33,43,334,23.3,67,418,0.7,47.072,2079.707317
0,1,1,0,1.5,17,1,8,0,43,-34,42,665,36.8,81,0,2,39.745,1326.709402
0,0,1,0,1.4,17,0.4,34,6,84,-33,43,667,36.6,67,418,0.7,37.166,1243.712
0,0,0,1,1.4,9,0.8,34,3,84,-33,86,667,23.3,67,836,0.7,51.15,621.7538462
0,0,0,1,1.4,9,0.4,17,3,84,34,43,667,23.3,67,418,0.7,45.921,1306.987179
1,1,0,0,1,3,1,23,9,40,0,4,250,23,40,0,1.4,48.11,12441.23484
0,0,0,0,1.4,17,0.8,34,6,167,34,86,667,36.6,34,418,0.7,38.62,1414.355118
0,0,1,0,0.7,9,0.8,17,3,167,-33,43,667,23.3,34,418,1.4,47.221,1613.646875
0,1,0,1,1,25,0.6,23,3,40,100,4,250,23,40,0,1.4,46.913,7693.052632
0,0,0,1,1,13,0.6,13,0,250,-100,0,501,20,51,0,0,39.073,769.344784
0,0,0,1,1.4,17,0.8,17,6,167,-33,86,667,36.6,67,836,1.4,41.955,549.3583333
0,1,0,0,1.4,17,0.8,17,6,167,34,43,334,36.6,67,418,0.7,38.651,4216.281928
0,0,0,1,0.7,9,0.8,17,3,84,-33,86,334,23.3,34,418,0.7,47.11,1578.266667
0,0,1,0,0.7,9,0.4,34,6,84,34,43,667,23.3,34,418,0.7,45.85,1621.913542
0,1,0,1,1,1,0.6,23,0,40,0,4,250,23,40,0,1.4,47.029,5650.626786
0,0,0,0,1.4,9,0.8,34,6,167,34,43,667,23.3,67,836,1.4,51.678,659.0793651
0,0,1,0,1.4,9,0.4,17,6,167,-33,86,667,36.6,34,836,0.7,39.195,548.8388889
0,0,1,0,0.7,17,0.8,17,3,167,-33,43,667,23.3,67,418,1.4,47.235,1617.780208
0,0,0,1,1.4,17,0.8,17,3,84,34,86,334,36.6,67,418,0.7,38.623,1087.259091
1,0,0,0,1.4,9,0.8,34,3,167,34,86,667,23.3,67,836,1.4,53.001,475.35
0,0,0,0,1.4,9,0.4,34,3,84,-33,43,334,23.3,34,418,1.4,46.06,1414.853571
1,0,0,0,0.7,17,0.8,34,3,167,34,86,667,23.3,67,418,0.7,47.307,1441.510714
0,0,0,1,0.8,4,0.5,30,4,30,-27,6,320,26.7,51,0,1.1,44.416,1998.215385
0,1,0,0,0.7,17,0.4,17,3,84,-33,86,667,36.6,67,418,0.7,37.17,3500.815686
0,0,0,1,1.4,9,0.4,34,3,84,34,86,667,23.3,34,836,0.7,49.925,513.7878788
0,0,0,0,1.5,15,0,29,9,8,-20,105,265,33.9,24,823,0.4,46.604,775.625
0,0,1,0,1.4,17,0.8,17,6,84,34,43,334,36.6,67,418,1.4,39.003,1253.472
0,1,0,0,0.7,9,0.4,17,3,167,-33,86,667,36.6,34,418,1.4,37.282,3662.252315
0,1,1,0,2,3,0.1,16,7,63,-79,116,978,40.3,22,0,1.6,33.173,1657.94617
0,0,0,0,0.7,17,0.4,17,6,84,34,86,334,36.6,67,836,0.7,39.413,457.88
0,0,1,0,1,3,0.6,23,3,40,0,0,250,23,40,0,1.4,47.037,1983.729915
0,0,0,1,1.4,17,0.8,34,6,167,34,43,334,23.3,34,836,1.4,51.559,709.7377778
0,1,0,0,1.4,9,0.8,34,3,84,-33,43,667,23.3,34,836,1.4,51.757,1900.079825
0,0,1,0,1.4,9,0.8,17,6,84,-33,86,667,23.3,67,836,1.4,51.657,671.047619
0,0,0,1,0.7,17,0.8,34,3,167,-33,86,334,23.3,34,836,0.7,51.176,605.6307692
0,1,0,0,1.4,17,0.8,34,6,84,34,86,667,23.3,67,418,0.7,47.08,5998.803161
1,0,0,0,1,3,0.6,23,3,1,0,4,250,23,1,0,1.4,48.294,2491.952844
0,0,1,0,1.4,17,0.4,34,6,167,-33,43,667,36.6,34,836,0.7,39.2,551.4972222
0,0,1,0,0.7,17,0.4,34,3,84,-33,86,667,36.6,34,836,1.4,39.569,459.09
1,0,0,0,1.4,9,0.4,17,6,167,34,43,667,36.6,67,836,1.4,46.605,418.6962963
0,0,0,1,0.7,17,0.4,34,3,84,34,86,667,36.6,34,836,0.7,39.657,398.1333333
0,0,1,0,1,3,0.6,23,3,40,0,4,1000,23,40,0,1.4,47.024,2191.157773
0,0,0,0,8,9,9,17,0,58,-72,41,916,4.73E+14,47,653,12,53.516,898.1981481
1,0,1,1,1.5,7,0,13,4,250,100,0,751,10,1,0,0.5,55.325,1945.946179
1,0,1,0,2,3,0.6,51,3,40,0,4,250,23,40,0,1.4,48.308,2403.560417
0,0,0,0,1.4,9,0.8,34,6,167,-33,86,334,36.6,67,836,0.7,40.49,587.5698006
0,1,0,0,1.4,9,0.8,17,6,167,-33,43,667,36.6,67,836,1.4,41.849,1651.197059
0,0,0,1,0.7,9,0.4,34,6,167,34,43,667,23.3,34,418,0.7,45.941,1711.179412
0,0,0,1,0.7,9,0.4,34,6,84,34,86,667,36.6,67,836,0.7,39.53,404.9185185
0,1,1,0,1,19,1,39,4,250,0,32,251,30,51,0,0,28.141,2055.20341
0,1,0,0,0.7,17,0.4,34,6,84,-33,86,334,36.6,67,836,1.4,39.76,1433.889655
0,0,0,0,1.4,17,0.8,17,6,84,-33,43,334,36.6,67,836,0.7,40.754,566.1231481
1,0,0,0,1.4,17,0.8,34,3,84,34,86,667,36.6,67,418,1.4,39.723,955.4526316
0,0,0,0,0.6,25,0.7,35,0,103,40,35,551,10.3,9,150,0.8,54.077,2200.748111
0,0,0,0,1.4,17,0.8,17,3,84,34,43,667,23.3,34,836,0.7,50.986,535.0371212
0,1,0,0,0.7,9,0.4,17,6,84,-33,43,667,23.3,34,418,1.4,46.053,5785.24024
0,1,0,0,0.7,17,0.4,17,6,84,-33,43,667,36.6,67,418,1.4,37.441,3986.249351
0,0,0,0,1.4,17,0.8,34,6,84,-33,43,334,36.6,67,836,0.7,40.754,514.5757576
0,0,1,0,1.4,17,0.8,34,3,167,34,43,667,36.6,67,836,0.7,40.666,438.39
0,0,0,1,1.4,9,0.8,17,6,84,-33,43,334,23.3,67,836,0.7,51.191,724.8266667
0,0,0,1,1.4,17,0.4,34,6,167,34,86,334,23.3,67,418,0.7,45.806,1710.047059
1,0,0,0,0.7,9,0.4,17,3,167,-33,43,334,23.3,34,418,1.4,48.122,1575.935484
0,0,0,0,1.4,9,0.4,34,3,84,34,43,667,36.6,67,418,1.4,37.815,985.1922222
1,1,1,1,1.5,9,0.2,51,2,211,-100,84,831,36.8,65,0,1.5,41.323,3047.946631
1,0,0,0,1.4,9,0.4,17,6,84,-33,43,334,23.3,67,418,1.4,48.122,2067.325
0,0,1,0,0.7,9,0.8,34,3,84,-33,43,667,36.6,34,836,1.4,41.327,411.6740741
0,1,0,0,1.4,17,0.8,34,6,84,34,43,334,36.6,34,418,1.4,39.114,4071.66
0,0,1,0,0.7,9,0.4,34,3,167,34,43,334,23.3,67,418,1.4,45.957,1399.178571
1,0,0,0,0.7,9,0.4,34,3,167,34,43,667,36.6,34,836,0.7,45.748,367.325
0,0,0,0,1.4,9,0.8,34,6,167,-33,43,667,36.6,67,836,0.7,40.489,554.1555556
0,0,0,1,0.7,9,0.4,17,3,167,34,86,667,36.6,67,418,0.7,37.405,1057.254545
0,0,0,1,1.4,17,0.8,34,6,84,-33,86,667,36.6,67,836,0.7,40.753,560.7861111
0,1,0,0,1.4,17,0.8,34,6,167,34,86,667,23.3,67,418,1.4,47.258,6135.834734
0,1,0,0,1.4,9,0.8,17,3,84,-33,43,334,23.3,67,418,0.7,47.109,5192.814
0,0,0,0,1.4,17,0.8,34,6,84,34,86,667,36.6,67,836,0.7,40.731,459.2
0,0,0,1,0.7,9,0.4,34,3,84,34,86,667,23.3,67,418,0.7,45.917,1306.025641
0,0,0,1,0.7,9,0.4,34,6,84,34,86,667,36.6,34,418,0.7,37.412,1191.4
0,0,0,1,1.4,17,0.8,34,6,84,34,86,667,36.6,34,836,0.7,40.386,448.98
1,0,0,0,1.4,9,0.4,17,3,167,34,86,667,36.6,67,418,0.7,39.814,1011.306667
0,0,1,0,1.4,17,0.8,17,3,167,-33,43,667,36.6,67,836,0.7,40.237,504.9393939
0,0,0,1,1.4,17,0.8,34,3,84,-33,86,667,36.6,67,836,1.4,41.63,513.4545455
0,0,1,0,0.7,17,0.8,34,3,84,-33,86,667,36.6,67,418,1.4,38.998,1131.278261
0,1,0,0,0.7,9,0.8,34,3,84,-33,86,334,36.6,67,418,1.4,38.967,3719.413889
0,0,0,1,1.4,17,0.4,17,6,84,34,86,334,36.6,34,418,1.4,37.715,1120.355556
0,1,0,0,2,17,0.6,51,10,1,-1,128,167,23.4,1,418,1.2,30.313,3326.979688
0,1,0,0,1.4,9,0.4,17,6,84,34,43,667,23.3,67,418,0.7,45.926,5127.280808
0,0,0,1,0.9,25,0.5,47,2,8,-79,35,517,12.8,70,644,1.8,53.91,1164.66087
0,1,0,0,1.4,9,0.8,34,3,167,-33,86,334,23.3,34,836,1.4,51.772,1968.8825
1,0,0,0,1.4,17,0.8,34,6,84,-33,43,667,36.6,67,836,0.7,43.464,524.3636364
0,0,1,0,0.7,17,0.8,34,3,167,34,43,667,23.3,34,836,1.4,51.411,556.9666667
1,1,0,1,2,7,0.6,39,2,250,-100,32,751,10,76,0,1,56.618,5621.957274
0,0,0,1,0.5,19,0.2,51,2,187,-100,32,1,20,1,0,1,44.624,326.5417783
0,0,0,0,0.7,9,0.8,17,3,84,-33,43,334,36.6,34,836,0.7,40.595,447.1641975
1,0,0,0,1.4,17,0.4,34,3,84,34,86,334,23.3,67,836,0.7,54.106,581.3805556
0,0,0,0,0.7,17,0.4,34,3,167,-33,43,334,23.3,67,836,1.4,50.077,591.8531339
0,0,1,0,1.4,17,0.4,17,6,167,34,43,667,36.6,67,836,1.4,40.398,485.3636364
0,1,0,0,1.4,17,0.8,17,3,84,-33,86,334,23.3,34,418,0.7,47.116,5197.401
0,0,1,0,0.7,17,0.4,34,6,167,34,86,334,23.3,34,418,0.7,45.742,1692.155882
1,1,0,0,0,21,6,40,2,169,65,42,167,10,100,836,2,40.201,949.6736842
0,0,0,0,1.4,9,0.4,17,3,167,34,43,667,36.6,34,836,1.4,40.188,405.8801235
0,1,0,0,0.7,17,0.4,34,6,84,34,43,334,23.3,67,836,1.4,49.773,1631.353535
0,0,0,1,1.4,9,0.8,17,6,167,34,86,334,23.3,67,836,0.7,51.101,714.5288889
0,0,0,1,0.7,9,0.8,34,3,84,-33,43,667,23.3,67,418,1.4,47.291,1527.913333
0,1,0,0,0.7,17,0.4,17,6,167,34,86,334,36.6,67,836,1.4,40.487,1300.77037
0,1,0,0,0.7,17,0.8,17,3,84,-33,86,667,23.3,34,418,0.7,47.114,5294.677451
0,1,0,0,1.4,9,0.8,34,6,167,-33,86,667,36.6,67,418,1.4,38.87,4502.118182
1,0,0,0,1.4,17,0.4,17,6,167,-33,86,667,36.6,67,418,1.4,40.6,1426.596429
0,0,1,0,0.7,9,0.8,17,3,167,34,43,334,36.6,34,836,0.7,40.622,445.77
0,0,0,0,1.4,17,0.4,17,6,167,-33,43,667,36.6,34,418,1.4,37.346,1413.090463
0,0,0,1,1.4,17,0.8,34,6,84,-33,43,667,36.6,67,836,1.4,41.474,565.6138889
1,0,0,0,1.4,9,0.4,34,3,167,34,43,667,23.3,67,836,1.4,54.648,530.2424242
0,0,1,0,1.4,17,0.8,17,6,84,-33,86,334,23.3,34,836,0.7,51.076,773.09375
0,1,0,0,0.7,17,0.4,34,6,167,-33,43,334,23.3,67,418,0.7,45.908,5886.93655
1,0,0,0,1.4,17,0.8,17,3,167,34,86,667,23.3,67,836,1.4,52.954,524.3636364
0,0,0,0,1,3,0.6,51,3,40,0,4,250,23,1,0,1.4,47.054,2300.326087
0,0,1,0,1.4,9,0.8,34,3,167,-33,43,667,36.6,67,418,0.7,38.43,1241.536
1,0,0,0,1.4,17,0.8,34,6,167,-33,43,334,36.6,34,418,0.7,39.845,1372.414815
1,0,0,0,1.4,9,0.8,17,3,84,-33,43,334,36.6,67,418,0.7,39.762,1061.68254
0,0,0,0,1,6,0.7,43,5,120,90,64,656,22.7,79,897,1.6,37.356,255.6111111
0,1,0,0,1.4,9,0.8,34,3,84,-33,86,334,23.3,34,418,0.7,47.116,5231.518152
0,1,0,0,1,3,0.6,23,3,40,0,4,1,23,100,0,1.4,45.981,2793.632727
0,0,0,1,1.4,17,0.4,17,6,84,-33,43,334,23.3,67,836,0.7,49.771,664.0214286
0,0,0,1,1.4,17,0.4,34,6,167,34,43,334,36.6,67,418,0.7,37.448,1275.608974
0,1,0,0,0.7,9,0.8,34,6,167,-33,86,667,36.6,34,418,0.7,38.672,4553.357303
1,0,0,0,1.4,9,0.8,17,3,84,34,43,667,23.3,67,418,1.4,47.522,1386.31358
0,0,1,0,1.4,9,0.4,34,3,84,34,86,334,36.6,67,836,0.7,39.899,408.9481481
0,1,0,1,12,9,6,8,4,250,100,0,167,50,33,1045,0,50.384,295.7714286
1,1,1,0,0.2,7,1,36,4,12,-87,96,872,28.9,20,0,1.2,44.381,2418.430111
1,0,0,0,1.4,17,0.4,17,6,167,-33,43,334,23.3,34,418,0.7,48.053,2174.04127
1,0,0,0,0.7,17,0.8,17,3,84,34,43,667,23.3,34,836,1.4,52.943,476.85
0,0,1,0,1,3,1,23,3,40,0,4,250,23,1,0,1.4,47.977,2268.64
0,1,0,0,0.7,17,0.8,34,6,167,34,43,667,36.6,34,418,1.4,39.087,4249.50119
1,0,0,0,0.7,17,0.8,17,3,84,-33,86,334,23.3,67,418,0.7,47.877,1541.865556
0,1,0,0,0.7,9,0.4,17,6,84,34,43,667,23.3,67,418,1.4,46.054,5125.69697
0,1,0,0,0.7,17,0.4,34,6,84,34,86,667,23.3,34,418,0.7,45.828,5274.749515
0,0,0,0,1.4,17,0.4,17,3,167,-33,86,334,23.3,34,418,1.4,46.062,1512.629259
1,0,0,0,1.4,17,0.4,17,3,167,34,43,667,23.3,34,418,0.7,47.239,1384.612346
1,0,0,0,1,3,0.6,23,3,40,0,4,250,10,100,0,1.4,56.019,3870.625
0,0,1,0,0.7,17,0.8,17,3,84,-33,86,667,23.3,67,836,1.4,51.615,571.0527778
0,0,0,1,2,1,0.4,16,2,43,100,63,499,23.4,81,0,0.6,45.86,572.4237879
0,0,0,0,1.4,9,0.8,34,3,84,34,86,334,23.3,67,836,0.7,51.108,535.9807239
0,0,0,0,1.2,1,1,51,6,127,32,42,333,50,17,0,2,31.233,405.0681481
0,1,0,0,3,5,0,51,4,169,-34,63,1,4.35E+14,100,418,6,40.716,1567.107527
0,0,0,1,1.4,17,0.8,34,6,167,34,86,334,36.6,34,418,0.7,38.629,1396.35
0,0,0,0,11,8,1,40,3,227,41,9,70,183,55,386,0,26.855,852.9568627
0,0,0,0,0.7,9,0.8,34,6,167,-33,43,334,36.6,34,418,0.7,38.566,1501.201111
0,1,0,0,1.1,4,0.3,8,6,93,44,79,682,37.2,7,0,1.4,36.523,1639.693572
0,1,0,0,1.4,17,0.8,34,6,84,-33,86,667,23.3,34,418,1.4,47.274,6382.848238
0,0,0,1,0.7,17,0.4,17,6,167,-33,86,334,23.3,67,418,0.7,45.904,1864.572973
0,0,0,1,1.4,17,0.8,34,3,167,-33,43,667,23.3,34,418,1.4,47.277,1617.360417
0,0,0,0,2,3,0.6,23,3,40,0,4,250,10,40,0,1.4,54.17266667,3453.007187
0,0,0,0,0.7,9,0.8,34,6,167,34,86,334,23.3,34,418,0.7,47.124,1935.1
0,1,0,0,0.7,17,0.8,17,6,167,34,43,667,23.3,67,418,0.7,47.07,6095.5
1,1,1,0,3,13,8,8,2,1,32,21,1000,4.35E+14,1,1045,9,67.33,255.1944444
1,0,0,0,1.4,17,0.8,17,6,167,-33,43,334,36.6,67,836,0.7,43.467,518.9090909
0,0,0,1,0.7,17,0.4,34,3,167,34,86,667,23.3,34,836,1.4,49.754,495.5151515
0,1,0,0,1.4,9,0.4,34,3,167,34,86,667,23.3,67,418,1.4,46.059,4418.75249
0,0,0,1,0.9,21,0.8,51,9,43,-67,0,1000,16.7,81,0,0,45.928,1688.436266
0,0,0,0,1.4,17,0.4,17,6,167,34,86,334,36.6,67,418,1.4,37.792,1249.312325
1,0,0,0,1.4,9,0.8,34,6,167,34,43,667,23.3,67,836,0.7,52.226,579.5166667
0,0,1,0,0.7,17,0.8,17,6,84,-33,43,667,36.6,34,836,0.7,40.435,515.2727273
0,1,0,0,0.7,17,0.8,34,6,167,-33,43,334,36.6,67,418,0.7,38.645,4506.665909
0,0,0,1,1.4,9,0.4,34,6,84,-33,43,334,36.6,34,418,1.4,37.387,1303.525641
0,1,0,0,0.7,17,0.8,17,3,167,34,86,334,23.3,34,836,0.7,50.976,1729.499048
0,1,0,0,1.4,9,0.8,17,6,84,-33,86,667,23.3,67,418,1.4,47.304,6318.082645
0,0,0,0,0.7,17,0.8,34,3,167,-33,43,667,23.3,67,836,1.4,51.742,647.3214896
0,0,0,1,0.5,20,0.7,30,0,169,42,36,956,29.2,52,0,0.4,43.319,583.9278205
0,1,0,0,1.4,17,0.8,34,3,167,34,86,667,23.3,67,418,1.4,47.252,5095.563
0,0,1,0,0.8,21,0.7,9,2,46,46,116,336,17.8,37,132,0.2,49.592,2064.0425
0,1,0,0,0.7,9,0.4,34,3,167,34,86,667,23.3,67,418,0.7,45.924,4381.091085
0,0,1,0,0.7,9,0.8,34,6,84,-33,86,667,23.3,34,418,0.7,47.077,1993.895727
0,0,1,0,0.7,17,0.8,34,3,167,-33,43,334,36.6,34,418,1.4,38.816,1238.432
0,1,0,0,1.4,17,0.4,17,6,84,-33,86,667,36.6,34,418,0.7,37.197,4125.939583
0,1,0,0,2,19,0,0,6,187,50,128,1,20,100,0,0,42.484,908.16077
1,0,0,0,1.4,17,0.8,34,6,84,34,43,334,23.3,34,418,0.7,47.279,1799.668571
0,0,1,0,0.7,9,0.4,17,3,84,-33,43,667,23.3,67,418,0.7,45.873,1425.214286
0,0,1,0,1.4,9,0.8,34,3,167,-33,43,334,23.3,34,836,1.4,51.627,606.2461538
1,1,0,0,1.9,23,0.3,8,9,206,13,7,449,28.6,27,0,0.1,44.305,3503.412534
0,0,0,0,0.7,9,0.8,34,6,84,-33,43,334,36.6,67,836,1.4,41.435,514.0505051
0,0,0,1,0.7,17,0.4,17,3,167,-33,86,667,36.6,67,418,1.4,37.386,1224.096
0,0,0,0,0.7,17,0.8,34,3,84,-33,43,667,23.3,34,418,1.4,47.27,1580.924731
0,1,0,0,1,3,0.6,23,3,250,0,128,250,23,40,0,1.4,47.11,7466.255093
0,0,0,1,0.7,17,0.4,17,3,167,-33,43,334,23.3,34,418,1.4,46.062,1505.1
0,0,0,0,1.4,17,0.8,34,6,84,34,43,667,36.6,34,836,0.7,40.386,477.409697
1,0,0,1,0.3,13,0.8,8,2,1,32,21,1000,43.5,1,1045,0.9,67.273,100.5555556
0,0,1,0,1.3,4,0.8,32,9,193,100,71,878,39.3,90,969,1.5,40.387,341.6875
1,0,0,0,1.4,17,0.4,34,6,84,-33,86,667,36.6,34,418,0.7,40.462,1426.082143
0,0,1,0,0.7,17,0.8,34,3,167,34,43,334,36.6,67,418,1.4,38.992,1176.066667
0,1,0,0,0.7,17,0.8,17,3,84,-33,43,334,23.3,67,418,1.4,47.289,5204.034
0,0,0,1,1.4,9,0.4,17,3,84,34,86,667,23.3,34,836,0.7,49.925,448.08
1,0,0,0,0.7,17,0.8,34,6,167,34,43,667,23.3,34,418,1.4,47.488,1792.15619
0,0,0,1,0.7,9,0.8,17,6,167,34,43,667,23.3,67,836,1.4,51.678,656.6547619
1,0,0,0,1.4,9,0.8,17,6,167,-33,86,667,36.6,67,418,1.4,40.058,1375.432099
0,0,1,0,1.4,17,0.8,34,6,167,-33,86,334,36.6,67,836,0.7,40.549,555.1027778
0,0,0,0,0.7,9,0.8,17,6,84,-33,86,667,36.6,34,418,1.4,38.75,1412.410714
0,1,0,0,0.7,9,0.8,34,3,167,34,43,667,36.6,67,836,0.7,40.69,1190.24
0,0,0,1,1,3,0.6,0,9,40,0,4,250,23,40,0,1.4,47.128,3646.323288
0,0,0,1,0.7,17,0.8,17,3,84,34,43,667,23.3,34,836,1.4,51.555,515.6060606
0,0,0,1,0.7,17,0.8,34,3,84,-33,86,334,36.6,34,418,1.4,38.82,1146.678261
0,1,0,0,1,3,0.6,23,9,1,0,4,250,23,40,0,1.4,45.799,8836.455509
0,0,1,0,0.7,9,0.8,34,3,167,34,86,334,23.3,67,418,1.4,47.231,1513.928889
0,1,0,0,0.7,17,0.8,17,6,84,34,86,334,36.6,34,418,0.7,38.679,4149.366255
1,0,0,0,0.7,17,0.8,17,6,167,34,86,667,36.6,34,418,1.4,39.714,1215.102778
0,0,0,0,1.4,9,0.4,34,3,84,34,43,334,36.6,67,836,1.4,40.057,355.0944444
1,0,0,1,0,13,1,26,4,250,-100,128,1000,10,100,626,2,48.088,1108.609091
0,0,0,1,1.4,17,0.4,34,6,84,-33,43,667,36.6,67,836,0.7,38.884,505.6969697
0,0,0,0,1.4,9,0.4,34,3,84,-33,86,334,36.6,34,418,0.7,37.099,1085.29697
1,0,0,0,1.4,17,0.8,34,3,84,34,43,334,36.6,67,418,0.7,39.238,956.2105263
1,0,0,0,0.7,9,0.4,17,3,167,-33,43,667,23.3,34,418,1.4,48.11,1600.193548
0,0,0,1,0.7,9,0.8,17,3,167,-33,43,667,23.3,67,836,0.7,51.156,602.9538462
0,1,0,0,1,1,0.6,23,3,40,0,4,250,23,40,0,0,32.229,7773.020264
0,0,1,0,0.7,9,0.4,17,3,167,-33,43,334,36.6,34,418,1.4,37.411,1125.985507
1,0,0,0,0.7,9,0.4,34,3,167,34,86,334,36.6,67,836,1.4,46.558,370.0666667
0,0,0,0,1.4,9,0.4,34,6,84,-33,43,334,23.3,34,418,1.4,46.056,1809.993104
1,0,0,0,0.2,9,0.4,13,1,50,33,16,341,41.3,12,577,1.2,38.609,573.2222222
0,1,0,0,1.4,9,0.8,34,6,84,34,86,667,23.3,67,836,1.4,51.684,1916.827193
1,0,0,0,1.4,9,0.8,34,6,167,34,43,334,23.3,67,836,1.4,53.008,629.2
0,0,1,0,1.4,9,0.8,17,3,84,-33,43,334,36.6,67,418,1.4,38.941,1155.733333
0,0,0,1,0.7,17,0.8,34,3,167,-33,43,667,36.6,34,836,1.4,41.514,502.030303
1,0,0,0,0.7,9,0.4,17,3,167,-33,86,334,36.6,34,418,0.7,40.417,1114.177273
0,1,0,1,0.3,18,0.5,19,8,123,74,84,706,32.3,32,0,1.3,40.942,2299.021173
0,0,0,0,1.4,9,0.8,17,3,84,-33,86,667,36.6,34,418,1.4,38.792,1147.656039
0,0,0,0,0.7,17,0.8,34,6,84,-33,43,334,23.3,67,836,0.7,51.177,738.6630556
0,1,0,0,0,3,1,23,3,40,0,4,250,23,40,0,1.4,48.101,8140.863149
0,0,0,1,1.4,17,0.8,34,6,84,-33,43,334,36.6,34,418,1.4,38.774,1406.571429
1,0,0,0,0.7,9,0.8,34,3,167,34,43,667,36.6,34,418,1.4,39.792,957.6315789
0,0,0,0,1.4,17,0.4,17,3,84,34,86,667,23.3,34,836,1.4,49.758,478.7473737
0,1,0,0,0.7,9,0.4,34,6,84,-33,43,334,36.6,67,418,1.4,37.462,4018.774786
1,1,1,0,1.5,13,0.2,26,6,63,50,128,1000,40,76,0,0,28.888,2631.927132
0,0,1,0,0.8,4,0.8,17,4,30,28,6,320,26.7,51,0,1.1,45.35,2002.664957
1,0,0,0,0.7,17,0.8,17,6,84,34,86,334,36.6,34,418,0.7,39.231,1214.879167
0,0,0,1,1.4,17,0.4,17,6,167,34,86,667,23.3,67,836,0.7,49.446,657.5833333
0,0,0,1,1,3,0.6,23,9,40,0,4,250,23,40,0,0,32.242,3710.106273
0,1,0,0,0.7,9,0.4,17,3,167,-33,86,334,36.6,34,418,0.7,37.061,3614.99061
1,0,0,0,0.7,13,0.8,48,5,42,-17,91,588,19.4,89,1237,1.3,100,53.01666667
0,0,0,0,0.7,17,0.8,34,6,167,34,43,334,23.3,34,836,1.4,51.559,677.7356614
0,1,0,0,0.7,9,0.4,34,3,167,-33,86,334,23.3,34,418,1.4,46.042,4869.002105
0,1,0,0,1.4,9,0.8,17,6,84,-33,86,334,36.6,67,418,1.4,39.049,4396.8
0,1,1,0,3,13,8,8,2,1,32,21,1000,4.35E+14,1,1045,9,67.33,259.75
0,0,1,0,0.7,9,0.4,34,6,167,34,43,334,36.6,67,418,0.7,37.438,1176.513889
0,0,1,1,1,3,1,23,0,40,0,4,250,23,40,0,1.4,47.995,1654.949495
0,1,0,0,0.7,9,0.4,17,6,167,-33,43,334,23.3,67,836,1.4,50.156,2023.837398
0,0,1,0,0.7,9,0.4,34,3,167,34,43,667,23.3,67,836,1.4,50.045,502.8181818
0,0,0,0,1.4,9,0.8,34,3,167,-33,86,334,36.6,67,418,0.7,38.576,1209.062111
1,0,1,1,1.5,19,0.4,13,4,125,-50,128,1000,10,51,0,1,56.785,2176.60387
0,0,1,0,1.4,9,0.8,17,6,167,-33,86,667,36.6,67,418,1.4,39.009,1442.450575
0,0,0,1,0.7,17,0.8,17,6,84,-33,43,667,36.6,34,836,1.4,41.141,561.8555556
1,0,0,0,1,3,0.6,23,9,40,0,4,250,23,1,0,1.4,48.296,4447.578409
0,1,0,0,1.4,17,0.4,17,6,84,-33,43,334,23.3,34,836,1.4,50.127,2016.17
0,0,1,0,1.4,17,0.8,17,6,167,-33,86,334,36.6,34,836,0.7,40.358,556.6916667
0,0,0,0,1.4,16,0.7,9,7,226,67,68,584,39.8,2,439,1.9,55.682,2982.11462
0,0,1,0,0.7,17,0.4,34,3,167,34,86,334,23.3,67,418,0.7,45.711,1399.917857
1,1,0,0,2,1,0.4,0,6,63,-100,96,251,20,26,0,0.5,50.808,4514.160414
1,1,0,0,0.5,25,0.4,39,0,250,50,32,1,40,100,0,2,34.329,734.6017778
0,0,1,0,0.7,17,0.8,17,6,84,34,43,334,23.3,67,836,0.7,50.842,617.4769231
0,0,0,0,0.7,17,0.4,17,3,167,-33,86,667,23.3,67,418,1.4,46.061,1514.562593
1,0,0,0,0.7,9,0.4,17,6,84,34,43,667,36.6,67,418,0.7,39.812,1218.201389
1,0,0,0,0.7,9,0.8,34,6,167,-33,43,667,36.6,67,836,0.7,43.46,524.8666667
0,0,0,0,1.4,9,0.4,34,3,167,-33,43,334,23.3,67,418,0.7,45.91,1512.307037
0,0,0,1,1.4,9,0.4,34,6,84,34,43,334,36.6,67,418,1.4,37.741,1141.983333
1,0,0,0,0.7,9,0.4,34,6,84,34,86,667,23.3,34,836,1.4,54.646,682.4690476
0,1,0,0,0.8,4,0.5,17,3,51,28,6,320,26.7,51,0,1.8,44.595,6188.694215
0,1,0,0,1.4,17,0.8,17,3,167,34,43,667,36.6,34,836,0.7,40.145,1273.197531
0,1,0,0,1,3,0.6,23,3,1,0,128,250,23,40,0,1.4,45.838,6884.575064
0,0,0,0,2,3,0.6,23,3,40,0,4,250,23,40,0,0,32.242,2201.173269
0,1,1,0,1,3,0.6,23,3,40,100,4,250,23,100,0,1.4,47.05,8131.347764
1,0,0,0,0.7,9,0.4,17,6,167,34,86,667,36.6,67,836,1.4,46.605,420.7703704
0,0,0,1,1.4,17,0.4,34,3,167,-33,86,667,36.6,67,836,1.4,39.388,499.3636364
0,1,0,0,1.4,9,0.8,17,6,167,-33,43,667,36.6,67,418,0.7,38.647,4499.976136
1,0,0,0,1.4,17,0.4,17,3,84,34,86,667,36.6,67,836,1.4,46.232,415.437037
0,1,1,1,1.2,17,0,24,2,85,-67,105,1,50,49,0,0.3,21.673,1141.30869
1,0,0,0,0.7,17,0.4,17,3,167,34,86,334,36.6,67,836,1.4,46.305,369.3083333
0,1,1,1,2,5,0.8,24,8,250,-100,42,1000,23.4,33,0,2,47.368,3857.552144
0,1,0,1,1,3,0.6,0,3,250,0,4,250,23,40,0,1.4,47.113,9480.364842
0,0,1,0,1.4,17,0.8,17,6,167,-33,43,667,23.3,34,836,1.4,51.582,768.71875
0,1,0,0,1,3,0.6,23,3,40,-100,0,250,23,40,0,1.4,46.878,7762.550336
0,0,1,0,0.7,9,0.4,17,3,167,34,43,334,23.3,67,836,1.4,50.038,450.12
1,0,0,0,0.7,9,0.8,17,6,167,-33,43,334,36.6,34,418,1.4,40.046,1320.096154
0,1,0,0,1.4,9,0.8,34,6,167,34,86,667,36.6,34,418,1.4,39.095,4223.065863
0,0,0,1,0.7,17,0.4,17,3,167,-33,86,667,23.3,67,418,1.4,46.061,1442.975556
1,0,0,0,1.4,17,0.4,17,3,84,34,43,667,36.6,34,418,0.7,39.715,956.4947368
0,1,0,0,2,3,0.6,23,3,40,0,4,1000,23,40,0,1.4,47.106,7763.421505
0,0,1,0,1.4,9,0.4,34,6,84,34,86,667,23.3,34,836,1.4,50.071,510.6666667
0,0,0,0,0.7,9,0.4,34,6,84,34,86,667,36.6,34,418,0.7,37.412,1191.28287
1,1,1,1,0.3,25,0.1,32,3,63,3,91,916,31.6,37,0,0.4,43.124,2086.293088
0,1,0,0,0.7,9,0.8,17,3,167,34,43,334,36.6,67,836,1.4,41.861,1238.173077
0,0,0,0,0.7,17,0.4,34,6,167,34,43,334,36.6,67,836,0.7,39.511,505.7989057
1,0,0,0,1.4,9,0.4,17,3,167,34,86,334,23.3,34,836,0.7,54.233,579.7305556
1,0,0,0,0.7,17,0.4,17,6,84,34,86,667,36.6,67,836,1.4,46.321,469.47
1,0,0,0,1.4,17,0.8,34,3,167,-33,43,334,23.3,67,418,0.7,47.877,1492.882759
0,0,0,0,1.4,17,0.8,17,6,167,34,86,667,23.3,67,418,0.7,47.08,1923.740351
0,1,0,0,0.7,9,0.8,34,3,167,34,43,667,23.3,67,418,0.7,47.12,5011.105782
0,1,1,0,0,19,0.6,13,2,1,-50,96,501,40,1,0,0,33.698,1455.073356
1,0,0,0,0.3,17,1,16,8,211,65,0,333,43.5,65,627,0,46.777,1804.950062
1,0,0,0,0.7,17,0.4,34,6,167,-33,43,667,23.3,67,418,0.7,48.057,2065.05
1,0,0,0,1.4,9,0.4,34,6,84,34,86,334,23.3,67,418,0.7,47.274,1857.585586
0,1,0,0,0.7,17,0.4,17,6,167,-33,86,334,36.6,67,836,0.7,38.885,1559.203125
0,0,1,0,0,21,1.1,37,4,140,36,28,834,21.4,72,1195,0.6,56.433,52.36666667
0,0,0,1,0.5,13,0,26,9,187,50,0,251,10,1,0,1,51.213,1567.435438
1,0,0,0,1.4,17,0.4,17,3,167,-33,86,667,36.6,34,418,0.7,40.44,1118.186364
1,0,0,0,1.4,9,0.4,34,3,167,34,86,334,36.6,34,418,1.4,39.985,1005.321667
0,0,0,0,0.7,9,0.8,17,3,84,34,43,667,36.6,34,836,1.4,41.275,375.1103395
1,0,0,0,0.7,17,0.8,34,6,84,34,43,667,23.3,67,836,0.7,52.069,633.6923077
1,0,0,0,0.7,9,0.8,34,6,84,-33,43,667,23.3,34,418,0.7,47.885,2010.524786
0,1,0,0,1.4,17,0.4,34,6,167,-33,43,334,36.6,67,836,0.7,38.885,1615.353535
0,0,0,0,0.7,9,0.8,34,6,167,-33,86,334,36.6,67,418,1.4,38.853,1469.845888
0,1,0,0,0.7,9,0.8,17,3,84,-33,86,667,36.6,67,418,1.4,38.995,3731.115741
0,0,0,1,1.4,9,0.4,34,3,167,-33,43,667,36.6,67,836,1.4,39.384,496.969697
0,0,0,0,1,3,0.6,23,3,250,0,0,250,23,40,0,1.4,47.108,2519.402982
0,0,0,1,0.7,17,0.4,17,3,167,34,86,667,23.3,67,418,1.4,45.93,1395.707143
1,0,0,0,0.1,20,0.8,49,2,112,62,31,193,12.8,75,677,0.9,55.731,1170.017391
0,0,0,0,0.7,17,0.8,17,3,167,34,43,667,36.6,67,418,1.4,39.046,1160.373833
0,0,1,0,1.4,17,0.8,34,6,84,34,86,334,23.3,34,836,0.7,50.857,615.9692308
0,0,1,0,0.7,17,0.4,34,3,167,34,43,334,23.3,34,418,1.4,45.824,1400.657143
1,1,1,1,1,19,1,0,9,1,50,0,501,40,26,0,1,37.413,2961.566003
0,0,1,0,0.7,17,0.8,17,6,167,-33,43,334,36.6,67,836,0.7,40.549,552.1694444
0,1,0,0,0.6,13,0.4,51,0,250,65,105,499,30.1,33,418,0.3,27.827,1903.881081
0,0,0,0,0.7,17,0.4,34,3,167,-33,43,334,36.6,34,836,0.7,38.598,502.969697
0,0,0,0,0.7,9,0.4,17,6,84,34,86,334,36.6,34,418,1.4,37.761,1191.889815
0,0,0,0,1.4,9,0.8,34,3,84,-33,43,667,23.3,67,836,0.7,51.15,591.1972222
0,0,0,0,0.7,17,0.4,34,6,84,-33,43,667,23.3,67,836,0.7,49.77,673.1111111
0,1,1,1,0.9,13,0,32,10,211,100,42,1,16.7,65,0,2,45.082,976.9116667
1,0,0,1,1.5,19,0.4,26,6,1,100,32,501,40,100,0,1.5,38.709,536.8853613
0,1,0,0,0.7,9,0.8,17,6,84,-33,86,667,23.3,34,836,0.7,51.21,2272.16
1,0,0,0,1.4,9,0.8,17,6,167,34,43,334,36.6,34,418,0.7,39.34,1159.655072
0,0,1,1,1.5,13,0.2,39,9,250,-50,32,501,20,1,0,0.5,46.802,1178.67034
0,1,0,0,1.4,17,0.8,17,3,84,-33,86,667,36.6,34,836,1.4,41.164,1334.666667
0,1,0,0,0.7,9,0.4,17,6,84,-33,86,334,23.3,34,418,1.4,46.055,5778.831832
0,0,0,1,1.4,9,0.8,34,6,167,34,86,667,36.6,67,836,0.7,40.658,549.3888889
0,0,0,1,2,5,8,24,8,250,-100,42,1000,2.34E+14,33,209,2,47.382,2795.575514
0,0,0,1,0.7,17,0.4,34,6,167,34,86,667,23.3,34,836,0.7,49.553,603.0153846
0,0,0,1,0.7,17,0.8,17,6,167,34,43,334,23.3,34,836,0.7,50.989,704.0133333
0,1,0,0,1.4,17,0.8,17,6,84,34,86,667,36.6,67,836,0.7,40.727,1286.891026
0,0,0,1,0.8,4,0.8,17,3,51,-27,6,320,26.7,51,0,1.1,45.401,2056.86
0,1,0,0,0.7,9,0.8,34,3,167,34,43,667,23.3,67,836,1.4,51.684,1667.664706
1,0,0,0,1.4,9,0.4,17,3,84,-33,86,667,23.3,34,836,0.7,55.165,633.3538462
1,1,1,1,12,9,6,8,4,250,100,0,167,50,33,1045,0,50.583,300
0,0,0,0,18,15,1,44,0,85,16,109,448,3.82E+14,42,1192,15,53.842,51.7
0,0,0,1,1.4,9,0.8,17,3,84,-33,43,334,23.3,34,418,0.7,47.11,1569.258065
0,0,0,0,1.4,9,0.8,34,6,84,34,86,667,23.3,34,418,1.4,47.283,1871.062896
0,0,1,0,1.4,9,0.4,17,3,167,34,86,334,36.6,34,836,1.4,40.274,441.03
0,0,0,0,1.4,17,0.4,17,3,84,34,86,334,36.6,67,418,1.4,37.783,1001.419444
0,0,0,1,0.7,17,0.8,17,3,167,-33,86,334,36.6,67,836,1.4,41.966,555.5
1,0,0,0,1.4,17,0.8,17,6,167,34,43,667,36.6,67,418,1.4,39.717,1166.127536
0,0,0,1,1.4,9,0.8,17,6,84,-33,86,334,36.6,34,418,0.7,38.595,1456.225287
0,1,0,0,0.7,9,0.8,17,6,167,-33,43,667,23.3,34,418,0.7,47.141,6527.149471
0,1,1,1,1,19,1,51,6,125,-100,96,1000,10,100,0,0.5,55.587,7977.060142
0,0,0,0,1.6,7,0.8,34,0,8,-70,61,563,29.6,65,164,2,41.437,1115.959091
0,0,0,0,1.4,17,0.4,17,3,84,34,43,334,23.3,67,836,1.4,49.752,493.3909091
0,0,0,0,0,11,0.9,26,5,222,-16,47,641,41.6,84,0,1.9,36.638,640.4055739
0,0,0,0,1.4,9,0.8,17,6,167,-33,43,334,23.3,67,836,1.4,51.819,748.5830093
0,1,0,0,0.7,17,0.8,34,6,84,-33,43,667,36.6,34,418,0.7,38.644,4404.828235
0,0,0,1,0.7,17,0.8,34,3,84,-33,86,667,36.6,34,836,0.7,40.617,461.49
0,1,0,0,1.4,17,0.4,34,6,167,-33,43,667,23.3,67,418,1.4,46.064,5842.99705
0,0,0,1,2,3,0.6,23,3,40,100,4,250,23,40,0,1.4,47.105,2231.517037
0,0,0,1,0.7,9,0.4,17,6,167,34,43,334,23.3,67,418,1.4,46.056,1659.410101
0,0,1,0,0.7,17,0.8,17,6,167,34,43,667,36.6,34,418,1.4,38.995,1339.995062
1,0,0,0,0.7,17,0.8,17,6,167,-33,43,667,36.6,34,418,1.4,40.04,1371.804938
0,0,1,0,0.7,9,0.8,17,3,167,34,43,667,36.6,34,836,1.4,41.704,449.58
0,1,0,0,0.7,17,0.8,34,3,84,-33,43,334,36.6,67,418,0.7,38.517,3579.892019
0,1,0,0,0.7,17,0.8,17,6,167,-33,86,334,23.3,34,418,1.4,47.278,6511.044974
0,0,0,1,0.7,17,0.4,17,6,84,34,86,667,36.6,34,418,1.4,37.67,1186.352778
0,1,0,0,0.7,17,0.8,34,3,84,-33,86,334,36.6,34,836,0.7,40.309,1386.578571
0,1,0,0,1.4,17,0.8,34,6,167,-33,43,667,23.3,67,418,1.4,47.306,6477.4624
1,0,0,0,0.7,17,0.4,34,3,84,-33,86,334,23.3,67,836,0.7,55.157,625.2615385
0,1,0,0,1.4,17,0.4,34,3,167,-33,43,334,23.3,34,836,1.4,50.044,1766.462963
0,0,0,1,0,25,0.6,23,3,40,0,4,250,23,40,0,1.4,47.097,2178.074419
1,0,0,0,0.7,9,0.8,17,6,167,-33,43,667,36.6,34,418,1.4,40.03,1373.795062
1,0,0,0,1.4,17,0.4,34,6,84,34,86,667,23.3,34,418,0.7,47.237,1848.615741
0,1,0,0,2,19,0,13,8,26,-30,41,822,38.8,23,266,0.9,33.904,4479.005814
0,0,0,0,1.4,9,0.8,34,6,167,34,43,667,36.6,67,836,1.4,41.96,484.009798
0,0,1,0,1.4,9,0.4,34,3,167,34,43,667,23.3,34,418,0.7,45.847,1348.62963
0,0,0,1,1.4,17,0.8,34,6,84,34,86,334,36.6,67,836,1.4,41.973,512.2424242
0,0,0,1,0.7,17,0.4,17,6,167,34,43,334,23.3,34,418,0.7,45.827,1698.367647
0,1,0,0,1.4,9,0.8,17,6,167,-33,86,334,36.6,67,836,1.4,41.85,1614.480808
0,0,1,0,1,1,0.6,23,3,40,100,4,250,23,40,0,1.4,46.984,2157.04186
0,0,0,1,1.4,17,0.4,34,3,167,34,86,667,36.6,67,418,1.4,37.809,1107.333333
0,0,0,0,0.7,9,0.4,34,6,167,-33,43,334,36.6,34,418,1.4,37.419,1360.391138
0,0,0,0,0.7,17,0.4,34,6,84,34,86,334,23.3,34,418,1.4,45.933,1641.997022
1,0,0,0,1.4,9,0.4,17,3,84,34,86,334,23.3,67,836,1.4,54.651,526.2727273
0,0,1,0,0.7,17,0.8,34,6,167,-33,86,667,36.6,34,836,1.4,41.133,602.0923077
0,0,0,1,1.4,9,0.8,34,6,167,-33,86,667,23.3,67,836,1.4,51.817,763.875
1,0,0,0,0.7,9,0.4,34,6,167,34,86,667,36.6,67,418,1.4,40.007,1212.259722
1,0,0,0,1.9,3,0,24,1,188,18,30,850,11.8,80,839,0.8,61.365,628.4
0,0,0,1,0.7,9,0.4,17,6,84,-33,86,334,36.6,67,836,0.7,38.877,510.5151515
1,0,0,0,1.4,9,0.4,17,3,167,-33,86,334,23.3,67,836,0.7,55.162,633.6
0,1,0,0,0.7,9,0.4,17,6,167,34,86,667,36.6,67,836,0.7,39.55,1292.392593
0,1,0,0,0.7,17,0.4,17,3,167,34,86,667,23.3,67,836,1.4,49.737,1469.333333
1,0,0,0,0.7,17,0.8,34,6,167,-33,43,334,23.3,34,836,0.7,53.194,735.3111111
0,0,0,1,0.7,17,0.8,17,6,167,34,43,334,36.6,34,418,1.4,39.098,1338.839506
0,0,0,1,1.4,17,0.8,34,6,84,34,43,667,23.3,67,836,0.7,50.964,673.3071429
1,0,0,0,1.4,9,0.8,17,3,167,34,86,334,36.6,67,836,0.7,42.037,369.075
0,0,0,1,1,3,0.6,23,3,40,0,4,1000,50,40,0,1.4,29.936,1207.564103
0,0,0,0,0.7,17,0.8,34,3,84,-33,86,334,23.3,67,836,0.7,51.135,624.3794872
0,1,0,0,0.7,17,0.8,34,3,84,34,43,667,36.6,34,836,0.7,40.251,1119.95942
1,0,0,0,1.4,9,0.8,17,6,167,-33,86,667,23.3,34,418,1.4,47.988,2068.1
0,0,0,1,0.7,17,0.4,17,3,84,34,43,667,36.6,34,418,0.7,37.393,981.8883333
0,0,0,1,0.7,9,0.8,17,3,167,34,43,334,23.3,67,418,0.7,47.11,1502.071111
0,0,0,1,1.4,9,0.8,17,6,84,34,43,667,36.6,34,836,0.7,40.369,461.07
0,0,0,0,1.3,20,0.8,2,1,248,-17,94,371,47.2,68,29,1,62.26,3264.775661
1,0,0,0,0.7,17,0.4,34,3,167,-33,86,334,23.3,67,836,1.4,55.305,633.6
1,0,0,0,1.4,9,0.4,34,6,167,34,86,334,36.6,34,836,1.4,46.698,473.1
1,0,0,0,0.7,17,0.8,34,3,84,34,43,667,36.6,67,836,0.7,41.667,314.9714286
0,0,0,0,0.7,17,0.8,17,3,167,-33,86,334,23.3,67,836,1.4,51.744,646.5227717
1,0,0,0,0.9,14,0,28,9,200,59,46,332,47.3,5,0,1.4,34.127,524.0773485
1,0,0,0,0,25,1,51,8,85,100,21,665,10,49,418,9,30.932,920.6340806
0,0,0,1,0.7,17,0.4,34,3,167,34,43,667,36.6,34,418,0.7,37.398,1105.388406
0,0,1,0,1.4,17,0.4,17,6,167,34,86,334,23.3,34,418,1.4,45.827,1708.267647
0,0,0,0,0.7,17,0.4,17,6,167,34,43,334,36.6,34,418,1.4,37.729,1286.485043
0,0,0,0,0.5,12,0,21,7,37,-27,62,891,17.4,16,592,1.6,50.724,1687.466667
0,0,0,1,1.4,9,0.4,34,6,84,34,43,334,23.3,67,418,1.4,46.049,1612.96875
1,0,0,0,0.7,9,0.8,17,3,167,-33,43,667,36.6,67,836,0.7,43.414,417.5407407
0,0,1,0,0.7,9,0.4,17,3,167,-33,43,667,36.6,34,418,1.4,37.389,1124.455072
1,0,0,0,1.4,9,0.8,17,3,167,-33,86,667,36.6,67,836,0.7,43.414,472.05
0,0,0,0,0.7,9,0.8,34,6,167,34,43,334,23.3,67,836,1.4,51.674,660.8333333
0,1,0,0,1.4,17,0.4,17,3,167,34,86,334,23.3,34,836,1.4,49.749,1500.677419
0,0,0,1,0.7,17,0.4,34,6,167,-33,86,667,23.3,34,418,1.4,46.044,1925.168421
0,0,0,1,0.7,9,0.4,34,3,167,34,43,667,23.3,67,836,1.4,50.161,501.7575758
0,1,0,0,1.4,9,0.4,17,3,167,-33,86,334,36.6,67,836,0.7,38.445,1455.381111
0,0,0,0,0.8,4,0.5,17,3,51,-27,6,320,26.7,51,0,1.8,44.512,1889.059459
0,0,0,0,1.4,9,0.8,34,6,167,34,43,667,23.3,67,836,0.7,51.104,663.268254
0,0,1,0,1.4,17,0.4,34,6,84,-33,43,334,36.6,34,836,0.7,39.07,515.0606061
1,0,0,0,1.4,17,0.4,17,6,167,34,86,667,36.6,67,418,0.7,39.706,1267.264
0,0,1,0,1,3,0.6,23,3,40,-100,4,250,23,100,0,1.4,46.833,2264.267185
1,0,0,0,0.7,17,0.4,17,3,84,-33,43,667,23.3,34,418,0.7,48.046,1595.580645
1,0,0,0,0.7,9,0.8,17,3,84,34,43,334,23.3,67,836,0.7,52.219,526.6060606
0,0,0,0,2,4,0.5,8,8,70,29,48,865,41.6,4,740,1.4,58.307,1692.961616
0,0,1,0,1.4,9,0.4,34,6,84,34,43,334,36.6,34,836,0.7,39.987,397.2444444
0,1,0,0,1.4,9,0.8,34,3,84,-33,86,667,23.3,67,418,1.4,47.284,5195.355
0,0,0,1,1.4,9,0.8,17,3,84,-33,43,667,36.6,34,418,1.4,38.792,1151.77971
0,0,1,0,1.4,9,0.8,17,3,167,-33,86,667,23.3,34,836,1.4,51.626,609.1692308
0,1,0,0,0.7,9,0.8,17,3,84,-33,43,334,23.3,67,418,0.7,47.109,5205.486
0,0,1,0,0.7,9,0.4,34,3,84,34,43,334,23.3,34,836,0.7,49.796,463.08
0,0,0,1,1.4,17,0.8,17,3,84,34,43,334,23.3,67,418,0.7,47.078,1460.956322
0,1,0,0,1.4,9,0.8,17,6,167,-33,43,667,36.6,67,836,0.7,40.529,1626.149495
0,0,0,1,1.4,17,0.4,17,3,84,-33,86,667,23.3,67,418,0.7,45.92,1419.3
0,1,0,0,1.4,9,0.4,17,3,84,-33,43,334,36.6,67,836,1.4,39.395,1389.535714
0,0,0,0,1.4,17,0.8,34,6,167,-33,86,667,36.6,34,836,0.7,40.114,603.4461538
1,0,0,0,0.7,17,0.8,34,6,167,34,43,667,36.6,34,418,1.4,39.714,1214.783333
0,0,0,0,1.4,17,0.4,34,3,167,34,43,667,23.3,67,418,1.4,45.932,1387.276705
0,1,0,0,1.4,17,0.4,34,3,167,34,43,667,36.6,34,418,1.4,37.667,3259.569231
0,1,0,0,0.7,17,0.4,17,6,167,34,86,667,23.3,34,418,0.7,45.818,5442.400943
0,1,0,0,1.4,9,0.4,17,6,167,34,43,667,36.6,67,836,0.7,39.55,1289.375309
0,1,0,0,1.6,21,1.1,51,2,88,-54,7,871,18.8,85,535,0.4,51.103,4789.072826
0,1,0,0,0.7,9,0.8,34,6,84,34,43,667,23.3,67,418,1.4,47.3,5924.900585
0,0,0,1,0.7,17,0.4,34,3,167,34,86,667,36.6,67,418,1.4,37.809,1103.124638
0,0,0,1,0.7,9,0.8,17,6,84,-33,86,334,23.3,34,418,0.7,47.127,1992.466667
0,0,0,1,1.4,17,0.8,17,3,167,34,86,667,36.6,34,418,0.7,38.637,1229.664
0,0,0,0,0.7,9,0.8,34,3,167,-33,43,667,23.3,34,418,0.7,47.117,1636.214352
1,0,0,0,1,19,0,47,0,89,-35,126,551,16.3,81,0,1.3,52.968,804.0641789
0,0,0,0,1.4,17,0.4,34,3,84,34,86,667,23.3,67,418,1.4,45.931,1310.512821
0,1,0,0,1.4,9,0.4,17,6,84,34,86,667,36.6,34,836,1.4,40.146,1179.101389
0,0,1,0,1,3,1,23,9,40,0,4,250,23,40,0,1.4,48.032,3883.830303
0,1,0,0,1.4,17,0.8,17,6,84,-33,43,334,36.6,67,418,1.4,39.054,4338.92381
0,0,0,1,0.7,17,0.8,17,3,84,-33,43,667,23.3,67,418,1.4,47.287,1522.081111
0,1,0,0,1.4,17,0.4,17,3,167,34,43,667,23.3,67,418,0.7,45.808,4470.778409
0,0,1,0,0.7,9,0.4,17,3,84,34,43,334,36.6,34,418,1.4,37.752,976.0616667
0,0,1,0,1.4,17,0.8,34,6,167,-33,86,667,36.6,67,418,1.4,39.014,1445.636782
0,1,0,0,2,1,0.3,29,2,3,7,71,549,26.6,74,14,1.6,42.512,4928.175532
0,0,1,0,0.7,17,0.8,34,6,167,34,43,667,23.3,34,418,1.4,47.176,1925.622807
0,0,0,0,1.2,17,0.8,39,0,233,20,2,564,12.2,36,512,1.7,38.869,910.29
1,0,0,0,0.7,17,0.8,17,3,167,34,86,334,36.6,67,836,1.4,43.584,367.325
0,0,0,0,1.4,9,0.8,17,6,167,-33,43,334,23.3,34,418,0.7,47.123,2035.347127
0,0,0,0,0.7,9,0.4,34,6,84,-33,43,667,23.3,67,836,0.7,49.809,655.7153846
1,0,0,0,1.4,17,0.4,17,6,84,-33,43,334,23.3,67,418,1.4,48.12,2119.837398
0,1,0,0,0.7,17,0.4,34,3,167,34,86,334,23.3,34,836,1.4,49.749,1512.677419
0,0,1,0,0.8,3,0.5,17,4,30,28,6,320,26.7,51,0,1.1,44.393,1785.906667
0,0,0,1,1.4,9,0.8,17,6,167,34,43,667,23.3,34,836,0.7,51.145,652.0119048
0,1,0,0,1.4,17,0.4,17,6,84,-33,86,667,23.3,34,836,0.7,49.901,2009.7675
0,1,0,0,1.4,9,0.4,34,3,84,34,43,667,23.3,67,836,0.7,49.793,1382.721429
1,0,0,0,0.7,9,0.4,17,6,167,34,86,334,36.6,67,836,0.7,45.753,414.9037037
0,0,0,0,17,6,4,10,9,204,72,17,156,3.50E+14,92,898,11,59.711,735.7155556
1,0,0,0,1.4,9,0.8,34,3,84,-33,86,667,36.6,67,418,0.7,39.8,1063.015873
0,0,0,0,0.7,17,0.4,34,6,84,34,43,334,23.3,34,836,0.7,49.546,566.1638889
0,0,0,1,0.7,17,0.4,34,3,167,34,43,667,23.3,34,836,1.4,49.754,496.4848485
1,0,0,0,1,3,0.6,23,3,40,0,4,250,23,1,0,0,44.653,2484.793956
0,0,0,0,0.7,17,0.4,34,6,84,-33,86,667,23.3,34,836,0.7,49.854,688.1943386
0,0,1,0,0.7,9,0.4,34,6,84,-33,43,667,23.3,34,836,1.4,50.022,618.4
1,0,0,0,0.7,9,0.4,34,3,167,34,86,334,36.6,34,836,0.7,45.748,368.9583333
0,1,0,0,1.4,17,0.8,17,6,167,34,86,334,36.6,34,836,0.7,40.298,1367.839286
0,0,0,0,1.4,17,0.4,17,6,84,34,86,334,23.3,34,418,1.4,45.933,1655.271907
0,0,0,0,0.7,9,0.4,17,3,84,-33,43,667,23.3,67,418,1.4,46.076,1421.110714
0,0,0,0,0.7,17,0.8,34,6,84,34,43,667,23.3,34,836,0.7,50.993,622.8205128
0,0,0,1,1.4,17,0.8,34,3,167,34,43,667,23.3,34,418,0.7,47.079,1561.129032
1,0,0,0,0.8,4,0.5,30,4,30,28,6,320,26.7,51,0,1.8,46.175,2064.8875
0,0,1,0,0.7,17,0.8,34,3,84,-33,43,334,23.3,34,418,0.7,47.071,1579.483871
0,0,0,0,1.4,17,0.4,17,6,167,-33,86,334,23.3,34,418,0.7,45.928,1912.138557
0,0,0,1,1.4,9,0.8,34,3,84,34,86,334,23.3,67,836,1.4,51.686,515.3636364
0,1,0,0,1.4,17,0.4,17,3,84,34,43,667,36.6,34,418,1.4,37.664,3102.852459
1,0,0,0,0.7,17,0.4,17,6,84,34,43,334,23.3,34,836,0.7,54.021,684.4809524
0,1,0,0,0.7,17,0.8,34,6,84,-33,86,667,36.6,34,418,0.7,38.644,4398.832941
0,0,1,0,1.4,9,0.4,34,3,167,34,43,667,36.6,34,836,0.7,39.788,433.35
0,0,1,0,1.4,17,0.4,34,6,167,-33,86,667,36.6,34,418,1.4,37.425,1343.044444
0,1,1,0,1,3,0.6,51,3,40,0,4,250,23,40,0,0,32.791,7757.286325
1,1,1,1,0.7,25,1,8,2,248,62,70,556,34.9,52,0,0.8,40.296,1549.93385
0,0,1,0,1.4,9,0.8,17,6,167,-33,86,334,36.6,67,836,1.4,41.73,553.1777778
0,0,0,1,0.7,17,0.8,17,6,167,-33,86,667,23.3,67,836,0.7,51.161,762.4375
0,0,0,1,0.7,17,0.4,17,3,84,34,43,667,23.3,34,418,0.7,45.832,1305.352564
0,0,0,1,1.4,17,0.8,17,6,84,-33,43,667,23.3,34,836,0.7,51.198,720.5955556
0,0,0,0,1,3,0.6,23,3,40,0,128,250,23,40,0,0,31.966,2038.631352
0,0,0,1,1.4,9,0.4,17,6,167,-33,86,667,23.3,67,418,1.4,46.064,1922.57193
0,0,1,0,1.4,9,0.4,34,6,167,-33,43,667,36.6,34,418,0.7,37.185,1393.392857
1,0,0,0,1.4,9,0.4,17,3,84,-33,43,334,23.3,67,418,1.4,48.126,1601.935484
0,1,1,0,1,3,0,23,3,40,0,4,250,23,100,0,1.4,44.328,6909.446809
0,1,0,0,1,1,0.6,23,3,40,0,4,250,23,1,0,1.4,47.006,7974.660797
0,1,0,0,0.7,9,0.4,34,3,167,34,43,334,36.6,34,418,0.7,37.403,3209.0625
1,1,1,1,0.3,17,1,16,8,211,65,0,333,43.5,65,0,0,27.616,2730.56525
0,0,1,0,0.7,17,0.8,34,3,84,34,43,667,23.3,67,418,1.4,47.191,1461.245977
0,1,1,0,1,3,0.6,23,9,40,-100,4,250,23,40,0,1.4,46.84,11712.23757
0,0,0,0,0.7,9,0.4,34,3,167,34,43,667,36.6,67,836,1.4,40.28,442.79
1,0,0,0,1,3,0.6,23,3,40,0,4,250,23,1,0,2,48.298,2474.828397
0,0,0,1,1.5,21,0.3,46,5,111,14,101,265,19.6,52,1077,1.1,58.167,148.75
0,0,1,0,0.7,9,0.8,34,3,84,-33,43,667,23.3,34,836,1.4,51.626,573.3444444
0,1,0,1,1,1,0.6,23,3,40,0,4,1,23,40,0,1.4,45.981,2832.074405
0,0,0,1,0.7,17,0.8,34,3,84,-33,43,334,23.3,34,418,1.4,47.272,1577
0,1,0,0,1.4,17,0.4,34,6,84,-33,43,334,23.3,67,836,0.7,49.785,2028.39
0,0,0,0,0.7,9,0.8,17,3,84,34,86,334,36.6,67,418,0.7,38.607,1074.805051
0,0,1,0,1.4,17,0.4,34,6,167,34,86,334,36.6,34,836,0.7,39.732,492.2424242
0,0,0,0,17,14,3,40,1,42,30,84,217,162,41,458,12,38.71,730.7066667
0,0,1,0,1.4,9,0.8,34,6,167,34,43,667,23.3,67,836,0.7,50.984,608.5538462
1,0,0,0,0.7,17,0.8,17,6,167,34,43,334,23.3,67,418,0.7,47.286,1802.032381
0,1,0,0,0.7,17,0.8,34,3,167,-33,43,667,36.6,34,418,0.7,38.499,3816.229333
1,0,0,0,0.7,17,0.8,17,6,84,34,86,667,23.3,67,418,0.7,47.313,1804.428571
0,0,0,1,0.8,4,0.8,17,4,51,28,6,320,26.7,51,0,1.1,45.446,2033.5575
0,0,1,0,1.4,17,0.4,34,3,84,-33,86,334,23.3,34,418,0.7,45.886,1410.621429
0,0,0,0,1.4,17,0.4,34,6,84,34,86,334,36.6,67,418,1.4,37.787,1196.479167
1,0,1,0,0,25,1,0,0,63,100,96,501,10,100,0,1,55.207,859.4049237
1,0,0,0,0.7,17,0.8,34,3,84,-33,86,667,23.3,67,418,0.7,47.875,1492.23908
1,0,0,0,1.4,17,0.4,34,6,84,-33,86,667,36.6,67,418,0.7,40.409,1426.982143
0,1,0,0,0.7,17,0.4,34,6,167,34,86,667,23.3,67,836,0.7,49.441,1719.525714
0,0,1,1,0.3,8,0.3,10,0,23,-36,15,431,25.2,61,0,1.1,44.243,475.385
0,0,1,0,1.4,17,0.4,34,6,84,34,86,334,23.3,67,418,0.7,45.721,1619.007292
0,1,0,0,1,3,0.6,23,3,40,-100,4,250,23,40,0,0,32.223,8134.540684
0,1,0,0,0.8,5,0.3,49,7,63,-67,112,586,21.6,6,195,1,46.344,8071.227097
0,1,0,0,1.4,17,0.4,17,6,167,34,86,667,23.3,34,418,1.4,45.927,5387.100952
0,0,0,0,1.4,9,0.8,34,3,84,-33,43,334,23.3,34,836,0.7,51.185,588.9627493
0,1,0,1,0,3,0.6,23,3,250,0,4,250,23,40,0,1.4,47.113,9476.41791
0,0,1,0,0.7,17,0.8,17,3,84,34,43,667,23.3,67,836,1.4,51.43,514.6060606
0,0,0,0,0.7,9,0.4,17,3,167,-33,86,334,36.6,34,418,1.4,37.377,1163.535125
0,1,0,0,0.7,9,0.8,17,3,84,34,43,667,36.6,67,836,1.4,41.95,1072.590909
0,0,0,0,0.7,17,0.4,17,6,84,-33,43,334,23.3,67,418,1.4,46.064,1826.611111
0,0,0,0,0.7,9,0.4,17,6,84,34,43,334,23.3,67,418,1.4,46.049,1595.720139
0,0,1,0,0.7,9,0.4,34,3,167,34,86,667,23.3,67,836,1.4,50.045,502.7878788
1,0,0,0,1,3,1,23,3,40,0,4,250,23,40,0,1.4,48.105,2316.75
0,1,0,0,1.4,9,0.8,17,3,167,-33,86,667,36.6,34,836,0.7,40.176,1539.698958
0,0,1,0,0.7,9,0.4,34,3,84,-33,86,667,23.3,34,836,0.7,49.835,566.1638889
0,1,0,0,1,3,0.6,23,3,1,0,4,1,23,40,0,1.4,45.981,2792.264881
0,0,1,0,0.7,9,0.8,34,6,84,34,43,667,36.6,67,418,1.4,39.048,1246.88
1,0,0,0,1.4,17,0.4,34,3,167,-33,86,334,23.3,34,418,1.4,48.123,1600.032258
1,0,0,0,1.4,17,0.4,17,3,84,34,43,334,36.6,34,418,1.4,39.934,952.3578947
0,0,0,0,0.7,17,0.4,34,3,167,34,86,667,23.3,67,836,0.7,49.414,539.2774411
0,0,0,0,0.7,9,0.4,34,6,167,-33,86,667,36.6,67,418,1.4,37.496,1393.746429
0,0,0,1,0.7,9,0.4,17,3,84,-33,86,667,23.3,67,418,0.7,45.929,1411.071429
1,0,0,0,0.7,17,0.8,34,3,84,-33,86,334,23.3,34,418,1.4,47.981,1543.702222
0,0,0,1,1.4,9,0.8,34,3,84,-33,86,667,23.3,34,836,1.4,51.743,613.5384615
0,0,1,0,1.4,9,0.8,17,6,167,34,86,334,23.3,67,418,1.4,47.227,1871.091892
0,1,0,0,0.7,17,0.8,17,3,84,34,43,334,23.3,34,418,0.7,47.079,5006.416495
0,0,0,1,0.7,17,0.8,17,3,167,-33,86,334,23.3,67,836,1.4,51.744,656.8095238
0,0,0,0,1.4,9,0.4,34,6,84,-33,86,334,23.3,34,836,0.7,49.897,670.3873016
0,1,0,0,1.4,17,0.4,17,3,167,34,43,334,36.6,67,836,0.7,39.541,1228.589744
0,1,0,0,1.4,9,0.8,34,6,167,-33,43,334,36.6,67,418,0.7,38.641,4505.314773
0,0,0,1,1.4,9,0.4,17,6,167,-33,43,334,23.3,34,418,0.7,45.928,1863.340541
0,0,0,0,1.4,9,0.4,17,3,84,34,43,667,23.3,67,418,1.4,46.043,1294.241556
0,0,1,0,1.4,9,0.8,34,3,84,-33,43,334,23.3,67,418,1.4,47.249,1523.95
0,0,0,0,1.4,17,0.8,34,3,167,-33,86,334,36.6,67,836,1.4,41.966,553.1574074
1,0,0,0,0.7,17,0.4,17,6,167,34,43,334,36.6,34,836,1.4,46.343,472.65
1,0,0,0,0.7,9,0.8,17,6,84,34,43,334,23.3,67,836,0.7,52.23,631.7538462
0,0,1,0,0.7,17,0.8,34,6,84,-33,43,334,23.3,67,418,0.7,47.075,1926.369298
0,0,0,0,0.7,15,0.9,21,4,2,-74,14,4,24.6,97,0,1.9,48.766,513.6463535
0,0,0,0,1.4,9,0.8,17,6,167,-33,43,667,36.6,67,418,1.4,38.999,1448.011494
0,0,0,0,0.7,9,0.8,34,3,84,34,86,667,36.6,34,836,1.4,41.275,406.2716049
1,0,0,1,1,3,0.6,23,3,250,0,4,250,23,40,0,0,41.195,2455.57551
0,0,0,0,2,3,0.6,23,3,40,0,4,250,50,40,0,1.4,29.991,1235.584744
0,0,0,0,0.7,9,0.8,34,3,84,-33,86,334,36.6,34,836,0.7,40.595,477.8806061
1,0,0,0,0.7,9,0.8,34,3,84,-33,43,667,23.3,34,836,1.4,53.639,581.6861111
1,0,0,0,0.7,9,0.4,17,6,167,34,43,334,23.3,34,418,0.7,47.272,1858.402778
0,0,0,0,0.7,17,0.4,17,3,84,34,43,667,23.3,67,418,0.7,45.814,1307.745727
0,0,1,0,0.7,9,0.8,34,3,167,34,43,334,23.3,34,836,0.7,51,558.7694444
0,1,0,0,1.4,9,0.4,17,6,167,-33,86,334,36.6,67,418,1.4,37.482,4118.847737
0,0,0,1,0.7,17,0.8,17,6,84,34,43,667,23.3,34,836,1.4,51.563,618.4
1,0,1,0,2,3,0.6,23,3,40,0,4,250,23,40,0,2,48.356,2415.147222
0,0,0,0,1.4,9,0.4,17,3,167,34,86,667,23.3,34,418,0.7,45.934,1393.692343
0,0,0,1,1.4,9,0.8,17,6,167,34,43,334,36.6,67,418,0.7,38.665,1340.893827
0,0,0,0,1.4,9,0.4,17,3,167,34,86,667,36.6,34,418,0.7,37.448,1078.324857
0,0,0,1,0.7,17,0.8,34,3,84,-33,86,334,36.6,67,836,1.4,41.631,455.91
1,0,1,0,0.1,9,0.3,33,7,56,-42,49,683,37.8,18,0,2,40.52,718.8978042
1,0,0,0,1.4,9,0.8,34,6,167,34,86,667,36.6,34,418,1.4,39.779,1212.3875
1,0,0,0,0.7,17,0.8,17,6,167,34,43,334,23.3,34,418,0.7,47.279,1804.525714
0,0,0,0,0.7,17,0.4,17,3,84,-33,43,334,36.6,34,418,1.4,37.386,1079.849254
0,0,0,1,1.4,9,0.8,17,3,167,-33,43,667,23.3,67,836,0.7,51.156,612.7076923
1,0,0,0,1.4,9,0.8,17,6,84,34,86,334,36.6,67,836,0.7,42.061,415.1111111
0,0,1,0,1.4,9,0.4,34,3,167,-33,43,334,23.3,34,418,0.7,45.85,1428.411111
0,1,0,0,1.6,22,0.7,35,1,89,28,39,8,45,95,1248,0,37.851,0
0,0,1,0,0.7,9,0.8,17,3,167,34,86,334,23.3,34,418,1.4,47.21,1509.031111
0,0,1,0,1.2,9,0.6,8,4,250,100,0,167,50,33,0,0,26.232,519.1877778
0,0,1,0,1.4,17,0.8,17,6,167,34,86,334,23.3,34,418,0.7,47.017,1877.448649
0,0,0,0,1.4,17,0.4,34,6,84,-33,43,667,23.3,34,418,0.7,45.928,1836.700617
0,0,0,0,0.3,17,1,16,8,211,65,0,333,43.5,65,0,0,27.597,541.805101
1,0,0,0,1.4,9,0.4,17,3,84,-33,43,667,23.3,34,418,1.4,48.11,1593.225806
1,0,0,0,0.7,9,0.8,17,6,84,34,86,334,23.3,34,418,1.4,47.512,1853.152778
0,0,0,0,1.4,17,0.4,17,3,84,34,43,334,23.3,34,836,0.7,49.531,479.780101
0,1,1,1,0.7,8,0.3,27,7,69,37,14,587,41.1,46,0,1.2,34.126,1464.423381
0,0,1,1,1,25,0.6,23,3,250,0,4,250,23,40,0,1.4,47.016,2534.545062
0,0,0,1,1.4,9,0.8,34,6,167,34,86,667,36.6,34,836,0.7,40.401,502.5151515
0,0,1,0,1.9,13,0.3,14,8,109,28,101,451,37.8,46,0,0.6,36.172,578.5194551
0,0,0,1,0.7,9,0.4,17,6,84,-33,86,334,23.3,34,836,1.4,50.127,665.7238095
1,0,0,0,1.4,17,0.4,17,3,84,-33,86,334,23.3,34,836,0.7,55.161,630.9230769
0,0,0,1,0.7,17,0.4,34,3,84,-33,43,667,36.6,67,418,1.4,37.417,1087.704545
0,0,1,0,0.7,17,0.8,17,3,84,-33,43,667,23.3,34,836,1.4,51.607,623.8769231
1,0,0,0,1.4,17,0.4,17,3,84,34,86,667,36.6,34,418,0.7,39.715,956.4315789
0,0,0,0,1.9,21,0.4,11,2,203,64,6,77,48.8,77,233,1.3,54.711,2275.644697
0,0,0,1,1,3,0.6,0,3,40,0,0,250,23,40,0,1.4,47.122,1997.500855
0,0,0,0,0.7,9,0.8,17,3,167,-33,86,334,36.6,67,418,1.4,38.893,1228.53287
0,0,1,0,1.4,17,0.8,34,3,167,34,43,334,23.3,34,418,0.7,47.01,1503.005556
0,0,0,0,0.7,9,0.8,34,6,167,-33,86,334,36.6,67,418,0.7,38.626,1501.029259
0,1,0,0,0.7,17,0.4,34,3,84,34,86,334,23.3,34,418,0.7,45.833,4376.729412
1,1,1,1,2,13,1,13,9,125,-100,128,1,50,1,0,1.5,32.226,984.7912682
0,0,0,0,0.7,17,0.4,17,6,84,-33,43,334,36.6,67,418,0.7,37.204,1307.660256
0,0,1,0,1.4,9,0.8,34,6,84,34,86,334,23.3,34,418,1.4,47.21,1832.087963
0,0,1,0,1.4,9,0.4,17,6,84,-33,43,334,36.6,67,836,0.7,39.175,506.6060606
0,0,0,1,1.4,9,0.8,34,6,167,34,43,667,36.6,34,836,1.4,41.461,501.5454545
0,0,0,1,0.7,9,0.4,17,6,84,34,86,667,23.3,67,418,0.7,45.928,1614.90625
0,0,0,1,0.7,17,0.8,17,6,167,-33,86,334,36.6,34,836,0.7,40.115,596.8307692
1,1,1,0,1,19,1,51,6,125,-100,96,1000,10,100,0,0.5,55.587,7985.403629
0,0,0,0,1.4,9,0.8,34,6,84,-33,86,667,36.6,67,836,1.4,41.433,561.3361111
0,0,0,1,0.7,17,0.8,34,6,84,34,43,334,36.6,67,836,0.7,40.729,458.58
1,0,0,0,0.7,9,0.8,17,3,84,34,43,667,36.6,34,836,1.4,43.692,312.1142857
1,0,0,0,0.7,9,0.8,34,6,84,-33,86,334,23.3,67,418,0.7,47.89,2015.623932
0,0,0,0,1.4,17,0.8,34,6,84,-33,86,667,36.6,34,418,1.4,38.759,1430.333498
0,0,0,1,0.7,9,0.4,17,6,84,-33,86,334,23.3,67,418,1.4,46.073,1778.297143
0,1,0,0,1.4,9,0.8,34,6,84,34,43,334,36.6,34,836,1.4,41.382,1284.839744
1,0,0,0,0.7,9,0.8,17,6,84,-33,43,667,36.6,67,836,0.7,43.46,521.8181818
0,0,1,0,0.7,9,0.4,17,6,84,-33,86,334,23.3,34,836,1.4,50.022,667.7666667
1,0,0,0,0.7,9,0.4,34,3,167,34,43,667,23.3,67,836,0.7,54.226,528.2727273
0,0,0,0,1.4,9,0.4,34,3,84,34,43,334,36.6,67,418,0.7,37.373,986.0683333
1,0,0,0,0.7,17,0.4,17,3,84,-33,86,334,23.3,34,418,1.4,48.123,1595.645161
0,1,0,0,1.4,9,0.4,34,6,84,-33,86,334,23.3,67,836,1.4,50.078,1983.047863
0,1,0,0,0.7,17,0.4,34,6,84,34,43,667,23.3,67,418,1.4,45.947,5131.504377
0,0,1,0,1,1,0.6,23,3,40,0,4,250,23,40,0,1.4,47.005,2129.17076
0,0,0,1,1.4,9,0.8,34,3,167,34,86,667,36.6,34,836,0.7,40.286,443.4
1,0,0,0,1.4,9,0.8,17,6,84,34,86,667,23.3,67,418,0.7,47.352,1802.161905
1,1,1,0,1,7,0.4,39,4,63,-100,64,1,30,1,0,2,40.22,1197.094808
1,0,1,1,0.6,25,0.2,16,4,1,-67,42,831,30.1,1,0,2,44.967,1285.000947
0,0,0,1,0.8,4,0.8,17,3,30,-27,6,320,26.7,51,0,1.8,45.501,2008.283761
0,1,0,0,0.7,9,0.4,34,6,167,-33,86,667,36.6,34,836,0.7,38.631,1564.3375
0,0,1,1,0.2,7,1,36,4,12,-87,96,872,28.9,20,0,1.2,44.385,689.2115079
0,0,0,0,1.4,17,0.4,17,3,84,-33,43,667,23.3,34,836,1.4,50.16,551.651431
0,0,0,0,1.4,9,0.4,17,6,167,34,43,667,23.3,67,418,0.7,45.918,1666.381145
0,0,0,0,0.1,7,0,44,5,57,-90,16,169,34.1,9,1081,1.2,48.889,149.7916667
0,0,1,0,0.7,17,0.4,17,6,167,-33,43,667,36.6,67,418,1.4,37.457,1342.402469
0,0,1,0,2,25,0,26,0,250,0,64,1,50,100,626,1,48.131,476.47
0,0,0,0,1.4,17,0.4,17,3,84,-33,43,667,36.6,34,418,1.4,37.353,1076.539274
1,0,0,0,1.4,9,0.4,17,6,167,-33,43,334,23.3,67,836,1.4,55.337,843.3568627
0,0,0,0,0.7,17,0.8,17,6,84,-33,43,334,36.6,34,836,0.7,40.286,546.9593434
0,1,0,0,0.7,17,0.4,34,3,84,-33,86,667,36.6,67,418,0.7,37.17,3463.226866
0,1,0,0,0.7,17,0.4,17,3,84,34,86,334,23.3,34,418,1.4,45.928,4330.557937
0,0,0,0,1.4,9,0.4,34,3,84,34,43,667,36.6,34,418,1.4,37.631,971.1913158
1,0,0,1,1.2,1,1,51,6,127,32,42,333,50,17,418,2,30.495,840.5960784
0,1,0,0,1,1,0.6,23,3,40,0,4,1,23,40,0,1.4,45.981,2820.115225
1,0,0,0,1.4,17,0.4,34,6,84,34,43,334,36.6,34,836,0.7,45.094,467.85
0,0,0,1,0.7,9,0.4,34,3,84,-33,43,334,23.3,67,836,0.7,49.851,511.9090909
1,0,0,0,0.9,25,0.5,47,2,8,-79,35,517,12.8,70,644,1.8,56.612,1378.609877
0,0,0,1,0.7,9,0.8,17,3,167,34,86,334,23.3,34,836,1.4,51.659,558.0666667
1,0,0,0,1.4,17,0.8,17,6,84,34,43,667,36.6,67,836,1.4,43.402,414.4
0,0,0,0,1.4,17,0.4,17,6,84,34,86,667,36.6,67,418,1.4,37.797,1187.651852
0,0,0,1,1.4,9,0.4,17,6,167,34,86,334,23.3,34,418,0.7,45.935,1704.352941
0,0,1,0,1.4,9,0.4,34,3,167,-33,86,334,23.3,67,418,1.4,45.974,1512.672222
0,0,1,0,1.4,17,0.4,34,6,167,34,43,667,23.3,34,418,1.4,45.827,1711.438235
0,0,1,0,1.4,9,0.4,34,3,167,34,86,334,36.6,67,418,1.4,37.661,1107.46087
1,0,0,0,1.4,17,0.8,17,3,167,-33,86,667,36.6,67,418,1.4,40.03,1060.15873
0,0,0,0,0.7,17,0.4,17,3,167,34,43,334,36.6,34,418,1.4,37.689,1070.925758
0,0,1,1,0,3,0.6,23,3,250,0,4,250,23,40,0,1.4,47.028,2724.645614
0,0,0,1,0.7,17,0.8,17,3,84,34,43,334,36.6,67,836,1.4,41.837,407.2888889
0,0,1,0,0.7,17,0.4,34,3,167,34,43,334,23.3,67,836,1.4,49.625,547.8
0,0,0,0,1.4,9,0.4,17,3,167,34,43,334,23.3,34,418,0.7,45.928,1354.664198
0,1,0,0,1.4,17,0.8,34,6,167,-33,43,667,23.3,67,836,1.4,51.772,2262.545185
0,0,0,0,0.7,17,0.4,17,6,167,-33,86,667,23.3,34,836,0.7,49.86,710.3185185
0,0,1,0,0.7,9,0.4,17,6,84,34,43,667,23.3,34,836,1.4,50.071,567.9055556
0,1,0,0,0.3,9,0.4,0,9,85,-1,42,499,43.5,49,0,2,33.382,1573.98267
0,0,0,0,1.4,9,0.4,34,6,84,-33,86,667,23.3,67,836,0.7,49.809,670.7380952
1,0,0,0,0.7,9,0.4,34,3,84,34,43,334,23.3,67,836,1.4,54.651,530.5151515
0,0,0,0,0.7,17,0.8,34,3,84,34,86,334,23.3,34,418,1.4,47.245,1473.400766
0,1,0,0,1.4,9,0.4,17,6,167,34,43,334,36.6,67,418,0.7,37.447,3710.997748
0,0,0,1,0.7,9,0.8,34,6,167,-33,86,334,23.3,67,836,0.7,51.181,761.6875
1,0,0,0,1.4,9,0.4,34,6,84,34,86,667,36.6,67,836,1.4,46.605,472.53
0,1,0,0,0.7,17,0.4,34,3,84,-33,43,667,23.3,34,836,0.7,49.857,1714.867647
0,1,0,0,0.7,17,0.8,34,6,84,34,43,667,36.6,67,836,1.4,41.838,1328.535802
0,1,1,0,0,3,0.6,23,3,40,0,4,1000,23,40,0,1.4,47.028,7641.891068
0,1,0,0,1,25,0.6,23,3,40,0,4,250,23,40,0,0,32.047,7702.71756
0,0,0,1,2,1,0.3,29,2,3,7,71,549,26.6,74,14,1.6,42.513,1440.321429
1,0,0,0,1.4,17,0.8,34,3,84,34,43,334,23.3,34,418,0.7,47.272,1385.222222
0,0,1,0,1.4,17,0.8,17,3,167,-33,86,334,36.6,67,836,1.4,41.617,502.2727273
0,0,1,0,1.4,9,0.4,17,3,84,34,86,667,23.3,34,418,0.7,45.842,1309.519231
0,0,0,1,1.4,9,0.4,17,6,84,34,43,667,23.3,34,836,1.4,50.18,565.1861111
0,0,1,0,1.4,17,0.4,17,6,167,34,86,667,36.6,34,836,0.7,39.732,489.7575758
0,1,0,0,0.7,17,0.8,17,3,167,34,86,334,23.3,34,418,1.4,47.239,5088.278788
0,0,0,0,0.1,17,0.1,45,3,109,-26,115,569,43.1,83,859,1.4,32.391,467.6366667
0,0,1,1,2,5,8,24,8,250,-100,42,1000,2.34E+14,33,209,2,47.381,2735.036478
0,0,0,0,1.4,17,0.8,17,3,84,-33,86,334,36.6,34,836,0.7,40.617,463.13
0,0,0,1,0.7,17,0.8,34,3,167,34,86,667,36.6,34,836,1.4,41.188,490.4545455
0,0,1,0,0.7,17,0.8,17,3,84,34,86,667,23.3,34,418,0.7,47.015,1468.326437
0,0,0,0,2,24,0,18,7,210,-72,48,245,4.20E+14,27,1060,12,64.36,190.4533333
0,0,0,1,1.4,17,0.4,34,6,167,-33,43,334,23.3,34,836,1.4,50.088,708.12
1,0,0,0,1,3,0.6,51,3,40,100,4,250,23,40,0,1.4,48.224,2456.065306
1,0,0,0,0.7,9,0.8,17,3,167,-33,43,334,36.6,67,418,0.7,39.762,1062.793651
0,0,0,1,0.7,17,0.4,17,3,167,34,86,334,36.6,67,836,0.7,39.568,479.9393939
0,0,1,0,1.4,9,0.4,17,3,167,-33,86,334,23.3,34,836,0.7,49.806,612.4
0,0,1,0,0.8,3,0.8,30,3,30,28,6,320,26.7,51,0,1.8,45.471,1900.443243
0,1,0,0,0.7,17,0.8,34,6,167,-33,43,334,23.3,67,418,1.4,47.303,6478.685867
1,0,0,0,1.4,17,0.4,17,3,167,34,43,334,36.6,67,836,0.7,45.292,371.4375
0,0,0,1,1,1,0.6,23,3,40,0,4,250,50,40,0,1.4,29.875,1256.794872
0,0,0,0,0.7,9,0.8,17,3,84,34,43,667,23.3,67,836,1.4,51.684,517.3939394
0,1,0,0,0.8,4,0.5,17,4,51,28,6,320,26.7,51,0,1.1,44.502,6449.603175
0,1,0,1,0,13,1,24,4,43,-1,84,333,10,81,209,1.5,47.311,6115.62069
0,0,0,1,1.5,19,0.4,0,2,250,50,64,251,30,1,0,0.5,41.628,556.9878472
0,0,0,0,0.7,9,0.4,17,6,167,34,43,667,36.6,34,418,1.4,37.706,1267.287573
0,0,0,1,1.4,9,0.4,17,3,84,34,86,334,23.3,34,836,1.4,50.17,460.35
1,0,0,0,1.4,17,0.4,17,3,167,34,43,667,36.6,34,836,0.7,45.058,369.3958333
1,0,1,0,1,3,0.6,23,3,40,0,4,1,23,40,0,1.4,45.998,1078.486957
1,0,0,0,0.7,9,0.4,17,3,167,34,43,667,23.3,34,418,0.7,47.287,1435.307143
0,1,0,0,0.7,9,0.8,17,3,167,-33,86,334,36.6,67,836,1.4,41.606,1455.22
1,0,0,0,1.4,17,0.8,34,3,84,34,43,667,23.3,67,836,0.7,52.057,478.29
1,0,0,0,0.7,9,0.4,34,3,167,-33,43,667,23.3,34,836,0.7,55.165,632.7692308
0,0,0,1,0.9,19,0.5,36,4,194,-79,41,218,39.9,84,0,1.9,36.01,618.4797253
0,0,0,1,1.4,17,0.4,17,6,84,34,86,667,36.6,34,418,0.7,37.384,1188.908333
0,0,0,1,1.6,6,0.7,22,6,26,-76,21,837,22,50,1234,1.6,100,52
1,0,0,0,0.7,17,0.8,34,6,167,-33,86,667,23.3,67,836,0.7,53.185,737.4266667
0,0,1,0,1.4,9,0.8,34,3,167,34,86,667,36.6,34,418,1.4,38.959,1130.162319
0,0,1,0,1.4,9,0.8,17,6,84,34,86,667,36.6,34,418,0.7,38.592,1279.294872
0,0,0,1,1.4,3,0.3,3,6,46,-54,25,933,16.6,77,80,0.2,49.019,2987.553448
0,0,0,1,0.7,17,0.8,17,3,84,34,43,334,36.6,67,418,1.4,39.074,1042.761905
0,0,0,0,1.4,9,0.8,17,6,167,-33,86,334,36.6,34,836,1.4,40.905,571.7893162
0,0,0,0,1.4,9,0.8,17,6,167,-33,43,334,36.6,67,836,0.7,40.49,566.3726496
0,0,0,0,1.2,19,1,51,6,134,7,27,264,17,61,1027,1.5,33.056,117.375
0,0,0,1,1.4,17,0.8,17,6,167,34,86,667,23.3,67,836,1.4,51.564,709.2711111
0,0,0,1,1.4,9,0.4,34,3,167,34,86,667,36.6,34,836,1.4,40.188,429.84
0,0,0,1,1,3,0,51,3,40,0,4,250,23,40,0,1.4,44.48,1913.251282
0,1,0,0,1.4,17,0.8,34,6,84,34,43,334,36.6,34,836,1.4,41.255,1324.42716
0,1,0,0,1.4,9,0.8,17,6,84,-33,86,667,36.6,67,836,0.7,40.691,1547.096774
0,0,1,0,1.4,17,0.4,17,6,167,34,43,334,36.6,67,418,0.7,37.402,1224.352
0,0,0,1,0.7,17,0.4,17,3,167,34,86,667,23.3,67,836,0.7,49.414,500.8787879
0,1,0,0,1.4,9,0.4,34,3,167,34,86,667,36.6,67,836,1.4,40.26,1143.068056
0,0,0,0,1.4,9,0.4,34,6,167,-33,43,334,36.6,67,836,1.4,39.416,536.4639731
0,1,0,0,1,3,0.6,23,3,40,-100,4,250,23,40,0,2,46.933,8027.033333
0,1,0,1,1,25,0.6,23,3,40,0,4,250,23,40,0,1.4,47.096,7626.092715
0,0,1,0,1.4,17,0.8,34,6,167,-33,43,334,36.6,67,836,0.7,40.549,604.5538462
1,1,1,0,3,5,0,51,4,169,-34,63,1,4.35E+14,100,418,6,40.797,1506.711111
1,1,0,0,1,3,0,23,9,40,0,4,250,23,40,0,1.4,48.309,14924.69581
0,0,1,0,1.4,17,0.4,17,6,167,34,43,334,36.6,34,836,0.7,39.732,485.3333333
0,0,0,0,1.4,17,0.4,17,6,84,-33,43,667,23.3,34,836,0.7,49.854,670.8722222
0,1,0,0,0.7,9,0.8,17,6,84,34,86,334,36.6,67,836,1.4,41.96,1287.596154
0,0,1,0,0.7,17,0.4,34,3,167,34,43,334,36.6,67,836,1.4,40.537,472.3333333
0,0,0,1,0.7,17,0.4,34,6,167,34,43,334,36.6,67,418,0.7,37.448,1281.634615
0,1,0,0,1.4,9,0.8,17,3,84,34,43,667,36.6,34,418,1.4,39.117,3460.812745
0,1,0,0,1.4,17,0.8,34,6,84,-33,43,667,36.6,67,836,1.4,41.893,1541.096774
0,0,0,0,0.8,4,0.5,17,4,51,28,6,320,26.7,51,0,1.1,44.516,1852.1585
0,0,1,0,1.4,17,0.4,34,3,84,34,43,667,36.6,67,836,0.7,39.842,404.4444444
